#{"t_start": 1750332916.082901, "env_id": "None"}
r,l,t
-2.362209,13,0.529096
-2.179107,18,0.617735
-2.015932,24,0.729787
-1.8599275,26,0.772028
-1.7016437,26,0.772078
-4.1747236,27,0.793392
-4.6334095,33,0.916819
-2.0430007,22,0.958479
-4.0922036,35,0.958537
-5.0803847,53,1.292976
-3.8617895,61,1.45185
-4.498478,73,1.661678
-0.19681333,74,1.676283
-5.211173,51,1.694235
-3.7530687,76,1.71328
-0.69787765,51,1.735075
-2.5503378,80,1.798763
-5.3994946,67,1.90164
-3.035812,92,2.093018
-3.9011867,21,2.254636
-0.6061765,46,2.446268
-4.0869174,109,2.483708
-1.2661655,35,2.506906
-2.912177,84,2.506973
-2.9207911,75,2.506988
0.4937087,86,2.570914
-1.4546268,35,2.611307
1.1575677,117,2.645201
-1.3504305,31,2.755691
0.8924344,89,2.773113
-6.394114,133,2.951679
-4.4321136,82,2.991579
-6.1043634,139,3.051354
-0.13196859,68,3.107998
-4.2823215,32,3.108079
-3.3746045,69,3.108097
-0.47865987,49,3.202716
-2.586172,74,3.253907
3.1353014,151,3.273563
-4.623786,34,3.273614
-3.6116257,13,3.34747
-6.0778565,75,3.443074
-0.22277497,56,3.491608
-3.810623,20,3.565695
-1.3815271,38,3.674816
-5.106599,61,3.732736
-5.336285,70,3.807347
-1.8220551,27,3.916021
-2.2470627,17,3.97394
-0.95823234,43,4.029649
-4.743277,39,4.253623
-5.8546157,85,4.304406
-6.183087,80,4.475791
-1.3358603,31,4.510852
-4.1991243,101,4.570306
-5.2857795,62,4.588964
-3.3911605,72,4.623948
-0.619127,49,4.650372
1.1979808,120,4.668653
-4.226424,88,4.668718
-2.140125,21,4.668735
-3.5069633,198,4.687849
0.0061093164,61,4.808854
-1.8654174,98,5.028154
-7.8577657,140,5.028204
-2.1342385,19,5.04964
1.3438011,111,5.113639
-2.448296,13,5.279817
-1.3535663,34,5.302254
-5.8220763,78,5.315403
-0.50867337,164,5.536134
-0.5077489,56,5.599422
2.707907,153,5.715209
-4.71151,38,5.731875
-3.073092,95,5.749157
3.0249712,139,5.782283
-3.7568586,18,5.935973
-0.45199138,56,6.115789
-1.9166958,25,6.176198
-3.4734805,86,6.244267
0.76046944,102,6.335659
2.2528465,117,6.365922
-3.9231756,24,6.54865
-4.9559293,52,6.638562
0.22292435,119,6.797671
-6.7097654,122,6.868666
0.8186417,115,6.868729
-3.5918272,64,6.899213
-7.335699,131,6.928463
-0.77094704,135,6.93143
-1.9051825,20,6.973413
-2.2833555,96,7.016262
-8.492937,150,7.323756
0.2291026,114,7.362398
0.8197665,131,7.37708
-1.5146856,68,7.530552
-4.5637794,38,7.546822
-2.266896,15,7.579038
-3.2353055,87,7.923365
-3.9773784,22,7.944698
-6.787139,137,8.00777
-7.044816,152,8.026156
-4.7140613,119,8.056728
-2.1234417,68,8.176447
-3.6269643,94,8.243275
0.22772175,68,8.264562
-6.7613077,140,8.264631
1.169836,119,8.32746
0.46043444,81,8.406632
1.2196956,122,8.469895
-2.3040652,22,8.492335
-3.983116,20,8.582109
-1.6278164,27,8.982652
-1.1540099,39,8.982725
-1.5454323,27,9.08569
-6.7000523,118,9.172781
-0.4551691,123,9.217549
-0.63337237,52,9.230268
-2.665632,134,9.256377
-3.844525,20,9.320086
-0.9622071,54,9.381729
-6.7252007,137,9.381796
-2.140551,76,9.402831
-0.06168036,59,9.524935
-4.556808,32,9.549869
-3.8515656,21,9.603454
-1.0363501,126,9.688446
-5.655744,80,9.750474
-5.527074,78,9.771581
1.2290684,119,9.810455
-2.0345287,26,15.54147
-0.580965,50,15.718257
2.830244,138,15.766565
-1.534761,30,15.830488
-1.7984191,22,15.939708
-2.6936085,69,15.975925
-0.23601533,125,15.975981
-9.019056,165,16.041947
0.24563967,71,16.140195
-1.8220817,70,16.179636
-11.331642,152,16.378655
-2.778386,87,16.608722
-2.474159,90,16.705909
-4.7850738,48,16.705968
-3.583966,82,16.831015
-2.1228395,25,17.013418
-1.223482,37,17.030086
-4.0960765,111,17.045056
-4.7476482,40,17.386191
-5.4456706,210,17.429864
-1.2995621,118,17.563922
-5.6115212,81,17.604079
-1.6900973,124,17.622883
-4.2693686,140,17.738132
0.2759418,99,17.756899
-1.8578275,88,17.776412
-5.785336,151,17.946021
-4.1298013,142,17.981176
2.3555658,129,18.03892
0.48242518,120,18.159557
-1.0296981,48,18.284909
-6.7204223,133,18.366452
-2.0083404,88,18.440865
-3.6555188,81,18.519789
-0.9210414,47,18.655238
-6.6082106,143,18.694816
-0.48477724,73,18.988342
-2.3703575,77,19.04339
-5.631523,66,19.151131
-4.343564,36,19.173009
-4.2383666,117,19.19553
0.40711892,122,19.296091
0.13137625,69,19.333449
-1.5485231,146,19.350865
-7.278041,112,19.514171
-0.69115883,45,19.514255
-1.6559132,29,19.535271
-2.5136194,93,19.701491
-1.7248956,71,19.739498
-1.7122505,80,19.755326
0.22167844,123,19.847317
-1.7690465,31,19.899022
-1.9049937,24,19.931221
-0.22335197,119,19.931287
-0.54444724,54,20.014428
-2.34153,237,20.057875
-3.7740173,20,20.294207
-1.6735011,120,20.56192
-2.1425245,71,20.612075
-1.4222722,38,20.612189
-1.3239168,34,20.951766
-6.2459984,90,21.029974
-2.9686525,79,21.203356
-1.7666893,80,21.278263
-2.4145591,95,21.29252
-3.0636683,80,21.365153
-0.5494229,88,21.580149
-0.0089124525,133,21.649603
-2.6881492,94,21.822134
-5.363562,221,21.857502
-6.0610127,150,21.896727
-5.0520496,192,22.127463
-1.9620192,22,22.207246
-2.334265,98,22.309835
-3.19183,179,22.39843
2.7779074,132,22.39851
-2.0742595,80,22.424664
0.21218255,68,22.533271
-3.1195095,65,22.778715
-0.050846234,52,22.820167
-2.3198247,89,22.838676
-3.9072068,73,22.856364
-3.4154673,262,22.930534
-2.0855575,135,23.043777
-2.7297013,105,23.043826
-1.152694,136,23.060163
-3.2348993,103,23.075995
-1.1343256,184,23.076064
-4.811242,48,23.276632
-6.7384024,131,23.276695
-1.6357493,28,23.322706
-4.155611,27,23.408227
-5.7208905,218,23.464607
-3.0148354,62,23.550118
-3.5571644,12,23.61471
-2.0353649,24,23.697928
-1.9737659,77,23.909582
-2.1706386,21,23.909641
-3.2211556,62,23.95529
-1.2143707,35,23.955347
-0.53311056,133,24.176603
-2.166586,64,24.222729
-1.827162,75,24.391102
-1.2868979,31,24.480547
0.9953997,84,24.55136
-1.3752221,33,24.570179
-6.529122,125,24.588346
-0.6376897,133,24.613641
-2.1241953,25,24.626878
-4.276196,106,24.67349
-3.4482722,92,24.692336
-2.2469084,83,30.300624
-2.9428742,68,30.409287
-0.70648754,53,30.498037
-4.790727,45,30.603816
-5.251956,166,30.695026
-2.3422425,108,30.999844
-0.61124355,142,31.210146
-2.0314114,63,31.312702
-1.4494972,71,31.47512
-3.9321547,194,31.49133
-2.9927335,87,31.597646
-3.6428535,187,31.731603
-3.1413913,72,31.771352
-2.983121,157,32.066582
-0.17290261,57,32.298126
1.19558,117,32.315389
-1.8159122,69,32.383722
0.5000453,129,32.399435
-0.6474577,124,32.451717
-0.34426287,135,32.528594
0.8565998,116,32.618376
0.4182128,146,32.677494
1.4049903,136,32.73382
1.1994501,121,32.795962
-0.9906405,43,32.811002
2.5224562,141,32.877408
-1.0454805,73,32.980567
-0.22990036,119,33.039155
-1.1177454,41,33.114973
-3.5580158,91,33.359983
-3.22046,213,33.735216
2.6017368,130,33.757406
-1.5083917,68,33.834296
-0.8593688,136,33.87634
-2.7387064,74,34.042811
-1.2839813,269,34.224207
-2.2829046,89,34.239088
0.777099,80,34.293366
1.7473855,116,34.339354
-1.4577645,80,34.446221
0.8632986,115,34.4626
-1.7466977,102,34.575777
-1.7094111,121,34.623673
0.21825536,138,34.68937
-3.245906,65,34.86742
-3.3955348,191,34.91571
-2.3259187,105,34.938375
-3.9101744,75,35.01785
-5.8401637,134,35.20414
1.0409945,127,35.258215
0.1926302,142,35.867653
0.96598035,117,35.894545
-3.7239666,213,36.162984
0.28278568,120,36.163037
-2.263732,79,36.290129
1.8630254,138,36.313408
-1.520517,100,36.389663
1.2239609,126,36.542536
-6.9691057,119,36.576961
0.6129101,134,36.621042
-6.0286226,138,36.666349
-7.837771,139,36.801696
-7.382942,119,37.028622
2.8181067,143,37.166973
-6.2471128,128,37.192428
-1.7397678,155,37.443339
2.2030408,130,37.463401
-2.9071636,84,37.633075
-2.234061,64,37.648465
-7.4505353,137,38.334195
-6.649756,127,38.41881
-3.9556441,183,38.499465
1.0287932,83,38.549815
0.8953475,125,38.634285
-1.4250952,80,38.660887
-1.6441085,115,38.660956
2.9261317,136,38.785949
1.4074821,119,38.850448
-1.7919307,164,39.242299
1.1468674,143,39.431668
3.7383935,166,45.072448
1.0462384,126,45.228149
-3.197754,313,45.527395
-3.4504168,92,45.810645
1.3856025,201,46.2491
-8.833336,338,46.474796
-3.092204,298,46.587159
-1.6788086,143,46.587217
-4.707685,200,46.629347
0.53721696,73,46.759244
-3.6871376,252,47.38154
-0.28866187,250,47.549431
-4.46013,217,47.683253
0.4058259,157,47.765449
-0.19913796,202,48.155243
-2.5198994,273,48.818538
2.704382,144,48.931491
-2.7437427,93,48.94779
3.10803,286,49.02872
-1.4725958,188,49.05198
-2.5227647,295,49.140807
-3.9978087,295,49.380326
0.1801698,328,49.479223
-6.5993648,320,49.506588
3.4221134,172,49.553655
-4.5718617,256,49.618995
0.3371201,185,49.86156
-5.996501,333,50.609403
-1.6294059,79,50.771633
-3.7716105,92,51.133279
-5.1416583,268,51.240483
2.8240688,147,51.418526
-3.1868653,175,52.050311
0.66602606,229,52.184061
-4.0164003,195,52.410486
-5.683718,277,52.550783
0.7835536,188,52.956805
-8.506945,386,53.502591
-3.8713903,329,53.521723
0.08043789,174,60.026427
3.1402948,205,60.21489
-4.710244,271,60.452574
-0.47229195,480,60.473708
-3.530751,210,60.775362
0.28453225,255,60.914953
-6.2013125,348,61.540805
-5.3938975,480,61.781355
3.0062563,214,61.797066
0.2840959,145,61.891537
15.110952,414,62.172126
-3.834885,252,62.325242
-3.5618992,418,62.325302
-9.627845,408,62.553223
0.32227778,217,63.240999
-1.1816214,480,63.349315
1.0556278,312,64.289186
3.4301138,145,64.363147
-2.5955613,258,64.794424
2.0045333,178,64.917631
2.4825418,148,64.93785
-0.50350696,292,65.235773
-4.726477,261,65.412053
-2.3780794,480,65.691884
-5.7238603,228,65.943205
-3.6493104,106,66.184518
-3.889754,326,66.244299
2.7605684,480,66.678741
-2.1868699,480,66.815102
-2.2749453,59,66.952114
1.3838295,382,67.624627
-4.2843804,412,67.670641
3.1408927,170,67.735372
-6.435122,289,68.232552
-3.8257968,203,68.481542
