#{"t_start": 1745939168.2659905, "env_id": "None"}
r,l,t
-2.2586057,14,2.357259
-4.234648,27,2.532144
-1.5349885,30,2.572704
-0.8486088,45,2.839616
-1.278605,31,2.839669
-2.5149465,56,3.001486
-3.0246642,57,3.013327
-1.7532295,74,3.331286
-2.6208246,77,3.375905
-2.3387482,88,3.556103
-3.4267228,89,3.575728
-0.6993391,65,3.633129
-3.3646388,99,3.737936
-1.8409327,100,3.752267
1.6649823,107,3.8519
-0.91785914,107,3.851964
-1.4763048,31,3.865969
-2.5059886,80,3.894582
-3.2562208,61,4.014003
-4.5928984,39,4.369981
-4.474989,35,4.477084
-2.1512542,96,4.582161
-6.838779,112,4.666998
-2.0613103,72,4.785169
-3.058722,168,4.847923
-0.8858158,62,4.882584
-4.562598,95,5.113543
-3.3485155,115,5.199655
-3.1570723,73,5.232638
-1.8978845,85,5.811863
-1.9361317,127,6.016098
-4.065131,192,6.073246
-1.4547522,68,6.094454
-2.668566,74,6.159038
-4.987366,65,6.25816
-2.4044654,108,6.314062
2.3365078,109,6.432852
2.0341892,111,6.54442
-2.8914323,81,6.639341
-7.429775,277,6.723491
-3.1908174,117,6.809157
-2.5561273,177,6.867267
-2.061697,101,6.950485
-3.9304569,192,6.962763
-5.480443,215,7.12595
-0.08583647,59,7.196911
-1.9676687,87,7.247325
-1.1155235,54,7.309359
-0.5457543,81,7.359495
-1.1659331,78,7.372663
-4.8039775,38,7.525895
-0.38173795,56,7.598486
-2.6511207,67,7.71264
-3.008157,67,7.821589
-2.0966487,81,7.832632
-1.9589486,60,7.843448
-6.072655,113,7.843511
-3.8179324,57,8.248039
-4.1590214,143,8.248101
-2.9427772,69,8.290942
-4.4181147,37,8.382554
-4.284328,36,8.382644
-1.8264773,137,8.446979
-1.5802467,112,8.532366
-0.95630723,82,8.545444
-4.501966,102,8.719211
-1.202918,29,8.848391
-1.7367662,122,8.931282
-3.1142604,107,9.114378
-5.9999166,94,9.263442
-7.9067855,105,9.263505
-2.224047,71,9.381453
-4.7242193,106,9.422427
-2.6805108,66,9.538638
-1.774628,26,9.65085
-2.1027958,85,9.666468
-3.6153018,12,9.723618
-7.038044,101,9.766211
-2.0874307,94,9.796942
0.0038982653,111,9.912477
-0.7206961,44,9.912552
-4.562115,96,9.986123
-3.2579982,68,9.998273
-1.9218147,175,10.017605
-1.5868523,59,17.657801
-3.9000328,51,18.011416
-1.7024148,143,18.561113
-2.6271248,88,18.643188
-2.570111,84,18.73292
-2.921881,113,18.732986
-3.8574293,129,18.747622
1.0296204,159,18.975244
-1.7675872,99,19.129446
-1.6423616,96,19.164091
-2.0630596,18,19.30796
-1.3624892,40,19.434972
-3.9515426,92,19.451239
-2.1923084,277,19.52504
-5.9052315,136,19.591581
-0.36545655,120,19.591677
-1.6404314,24,19.70987
-2.1800005,98,19.859605
-1.1543125,39,19.908775
-2.102863,82,20.135504
-3.4248018,79,20.181474
-2.2542996,150,20.21077
-3.7956977,21,20.412555
-3.3515677,63,20.515147
-3.2228951,56,20.685736
-0.17052859,58,20.831629
-4.523635,34,20.849006
-2.2346416,68,20.901756
-1.9550034,36,21.095499
-7.555001,122,21.173811
-4.994856,71,21.300443
-6.17853,131,21.300541
-3.6397,64,21.398872
-3.942778,23,21.465602
-4.6766553,44,21.567916
-2.7929814,77,21.603438
-4.1513095,105,21.703397
-0.5183234,115,21.929977
-0.1766416,62,21.976188
-5.6020803,242,22.03886
-1.3746274,40,22.088801
-5.7192235,76,22.153774
-1.1471657,37,22.336295
0.05364759,274,22.376688
-4.8286963,51,22.3968
-2.125286,18,22.445807
-7.8612976,130,22.463867
-2.723251,64,22.479184
-0.6092738,51,22.515249
-1.7514912,54,22.703213
-4.7468514,38,22.720106
-4.35951,33,22.88743
-8.338137,136,23.076875
-1.317763,37,23.108871
-2.9231522,78,23.14322
-2.4480584,76,23.196974
-0.90813637,67,23.30331
-2.2499897,85,23.618525
-5.711069,82,23.722772
-2.1887503,69,23.910738
-3.46944,84,23.994898
-5.556097,187,24.114974
-5.2542715,74,24.15649
-4.717033,38,24.211056
-1.6228687,66,24.240263
0.407763,79,24.293057
-1.9270349,128,24.350418
1.1979035,125,24.378939
-6.201631,127,24.45852
0.11096049,82,24.458688
-2.2172303,23,24.638468
-3.3224177,163,24.813446
-3.6934247,11,24.957382
-2.2184696,145,25.015387
-3.3314435,72,25.104028
2.9980469,130,25.145422
-2.39756,70,25.277365
-2.0683126,24,25.322878
-4.629154,62,25.390194
-6.5749745,119,25.44447
-1.8897884,27,25.528085
-2.4904256,76,25.528159
-11.330599,199,25.569114
-3.7263792,86,25.629313
-1.4987847,31,25.750457
1.0812895,134,26.133531
-4.3772798,122,26.180967
-2.9409668,73,26.199574
0.48738295,118,26.214012
-6.8716426,114,26.214077
-4.784185,46,26.266117
-6.7067814,112,26.278879
-2.1794527,67,26.460372
-2.8318582,63,26.495215
-4.1959743,28,26.643193
-1.4001472,146,26.723267
-2.4650578,16,32.968646
0.21265648,129,33.235071
-4.404558,36,33.317787
-2.3979583,66,33.444026
-6.892067,128,33.537288
1.9275315,122,33.546793
-4.3714247,34,33.565075
-2.203785,73,33.668303
-3.1009798,72,33.668365
-1.2035216,130,33.779415
-4.0613017,20,33.779477
-6.334174,127,33.834526
1.4447345,130,33.998215
-1.3193026,37,34.026466
-3.7809877,105,34.040022
-0.40126577,55,34.101846
-2.8371398,93,34.313875
-2.0051186,19,34.313969
-3.562057,75,34.352758
-7.271758,129,34.412099
0.5757881,72,34.599998
-5.2587934,56,34.667107
-1.90653,29,35.064121
-5.579245,70,35.110924
-0.35259086,118,35.154974
-1.6836507,183,35.179088
-5.5327277,155,35.272475
0.30626065,85,35.356396
-1.7625195,78,35.446157
1.0541637,122,35.459501
-3.4247062,78,35.572181
-4.1022043,89,35.628639
-6.6331353,134,35.665891
-1.7807634,27,35.701757
-2.9598458,93,35.759747
0.32933304,116,35.808334
2.513236,142,35.891503
-1.1474906,35,35.997633
-4.526888,37,36.014935
-1.7778429,26,36.078686
-1.9240738,20,36.097324
-3.530691,75,36.171633
-0.89173806,41,36.193982
0.2522649,73,36.267859
-3.3621387,83,36.409075
-6.6750493,117,36.438835
-1.8340431,70,36.715418
-3.3391142,72,36.816963
-0.73487103,51,36.859018
-8.553473,209,36.912791
-5.187254,61,37.252322
-4.715111,125,37.335594
-6.427176,144,37.33567
0.24030878,135,37.693969
-4.0669446,27,37.694046
0.7139141,102,37.721324
-2.8260648,68,37.764891
-7.10899,117,37.793127
-3.75477,98,37.915047
-0.7004765,137,37.986293
-2.2530105,19,38.220863
-3.1852362,71,38.353641
2.2949142,147,38.419833
-6.149878,134,38.433952
-8.814419,165,38.518386
-5.224566,51,38.555778
-4.031973,114,38.63843
-1.7165754,72,38.810163
-3.728882,182,38.879871
-0.31006914,131,38.905455
0.8266495,111,38.956098
-2.604959,96,39.224894
-4.026572,27,39.311127
-7.3099,113,39.411015
0.53770375,116,39.462477
-1.6517988,27,39.67663
-2.884158,76,39.757337
-2.5195494,108,39.902867
-1.8080322,69,39.902934
-3.1159751,203,39.952598
-4.3946667,34,39.998785
-0.2725453,111,40.06738
-7.3340464,145,40.198646
-3.1854115,74,40.474931
-2.0983207,126,40.636386
-4.8986154,48,40.654815
-5.305612,52,46.432979
-4.2112713,34,46.631382
0.91128886,139,46.651853
-8.604589,140,46.69335
-2.783026,79,46.765187
-3.2602146,174,46.787136
-7.4953384,177,46.849181
-5.8358274,77,46.935863
-3.5265117,179,47.033158
-1.9045643,74,47.062508
-6.54778,121,47.38055
-2.2937152,18,47.44581
-3.042309,166,47.944995
-2.6905766,94,48.042446
-1.7775947,65,48.125204
-4.662664,58,48.324286
-4.7022486,46,48.413851
-3.0092607,91,48.645215
-2.0254529,97,48.876705
-2.9220824,222,49.282945
3.1945415,161,49.322327
-6.595669,131,49.408127
2.029049,154,49.602923
-5.176035,62,49.648168
-3.5451248,233,49.722966
-7.451427,129,49.756685
-7.862301,198,50.128349
-1.9935042,185,50.128439
-3.6293392,117,50.156282
2.5131521,128,50.304161
-1.7930851,32,50.482797
-3.8983328,115,50.530206
-2.8775997,68,50.825814
-5.6832657,212,50.875976
-6.223836,146,50.993286
-2.0066364,22,51.030387
-2.6746147,99,51.286086
-3.0515046,84,51.552354
-4.5923886,116,51.591495
2.6818926,140,51.652776
-2.0978804,71,51.692128
-2.537404,82,52.001043
-2.5154474,94,52.362793
-5.211863,60,52.375576
-5.0183296,50,52.539519
-2.4026558,98,52.594715
-5.552409,156,52.738909
-2.1992939,110,53.034252
-1.6085442,35,53.049008
-5.316951,152,53.147996
-4.4219594,270,53.424591
2.2630627,114,53.746461
-1.1387488,158,53.82508
-1.3305384,56,54.141057
-3.0589874,203,54.214429
-1.9330709,23,54.307054
-2.7305577,73,54.42906
-8.186737,132,54.498894
-6.909946,164,54.612248
-6.7573323,124,54.71608
1.4877497,121,54.883374
-0.027002836,223,55.096923
-0.16477288,62,55.147087
-6.88088,138,55.222981
-4.48982,303,55.314903
-4.8601727,221,55.502192
-6.505069,123,55.562412
-4.238333,26,55.654227
-7.0628576,125,55.860439
-3.1118932,159,55.905766
-0.08407105,68,62.858881
-1.7975892,134,63.035754
1.8280995,155,63.330861
-3.8447661,181,63.621056
-7.7012396,124,63.664551
-2.6034648,81,63.704345
-7.83865,164,64.040137
1.9748505,139,64.352786
2.7560387,125,64.493065
-10.968328,148,64.611856
-5.309291,228,65.403255
-3.6680453,207,65.501801
16.561413,140,65.517376
-7.9315743,124,65.830237
-5.162897,287,65.870523
-6.4330163,134,65.968078
-3.6585166,187,66.172801
-4.1453433,107,66.389616
-1.031611,138,66.459692
-8.450537,139,66.850807
-2.4779148,76,66.882631
-2.6391387,76,67.217772
-2.6318982,480,67.419523
-4.1266665,111,68.384548
-6.8219113,122,68.531265
-2.7458272,434,68.594385
-1.2119597,103,68.668602
-3.7454693,187,68.833494
4.81785,480,68.954134
-0.5005033,305,69.007592
-4.169177,214,69.683948
-2.2615416,260,69.983922
-3.3917382,175,70.501127
-3.3416893,222,70.741257
-1.3390777,140,70.990128
-1.2704918,119,71.054414
-1.7602689,480,77.97402
16.193314,215,78.30099
-11.047495,244,78.85626
1.3574511,480,79.029783
-10.883284,149,79.058637
-6.1052537,136,79.074945
-1.9943671,119,79.085866
1.2595277,271,79.598647
-4.691073,480,80.047345
-1.2661464,480,80.292487
-1.4468482,480,81.220554
-2.8506727,372,81.961326
-3.9130855,268,81.980247
-3.9878178,223,82.265258
-3.5211246,214,82.306656
-6.583299,477,82.449657
-5.1584234,480,82.626206
-3.5832472,237,82.651778
-6.435255,480,83.4096
-5.2905774,306,83.710125
-4.252539,286,83.926446
-5.998976,450,84.009089
-2.9714592,254,84.155951
-11.084293,226,84.749988
-5.7586956,95,85.423777
-4.8315954,218,92.341836
-3.8576183,214,92.610979
-7.199238,480,92.611102
-7.057354,480,93.387159
-3.3126783,199,93.572467
-4.1905413,200,94.208746
13.282669,159,94.220839
3.8585007,480,94.438171
-6.314482,353,95.124458
-3.3359766,192,95.475584
2.9768527,148,95.569003
-4.585302,480,96.260833
0.8770513,480,96.505417
-9.196847,163,96.554114
-0.9687235,480,96.723012
1.5887465,480,96.881964
-11.85945,398,97.152399
-3.149827,261,97.354568
0.8731905,80,97.440537
17.316658,372,97.702585
-1.9606987,480,98.109936
-11.528028,395,98.391599
-2.7332294,480,99.372495
16.582302,153,99.494421
-4.5411215,332,105.729469
-3.0200186,286,106.785958
17.781319,367,106.824756
-2.6074002,480,107.101653
1.2426056,480,107.347177
-11.894937,405,108.690096
3.1850438,480,108.706338
2.0264084,336,109.44203
17.395363,369,109.48885
0.8984099,480,109.857746
4.0450554,480,110.266638
-3.6987374,187,110.527444
-5.374993,480,110.559485
2.3032806,480,110.812748
16.75645,227,110.833619
1.4180222,480,111.855333
-6.944759,319,111.95244
-2.2992363,480,112.859766
-2.2225156,480,113.136512
-2.555794,223,113.495378
-2.2635198,480,113.741059
-1.7945299,346,120.518711
-3.016818,210,120.51878
-2.682915,480,120.919904
-6.7965026,341,121.127157
1.4350219,480,122.74811
2.0059886,480,123.421126
-6.345393,427,124.10342
-3.0569708,193,124.133361
-1.4384456,480,124.306219
-7.471214,480,124.577576
-1.0660691,480,124.617445
0.85227174,75,125.254255
17.542181,376,125.514263
-4.2863865,391,125.621225
-3.1084774,465,125.701896
1.146054,85,125.92279
-2.04126,480,126.064625
17.272596,398,126.09574
-7.4307785,353,126.202584
-3.5915148,236,126.501318
-4.1357007,195,127.531523
-2.033179,480,127.752689
16.611528,135,127.898381
1.7964578,480,128.379023
2.2217045,306,128.396002
16.51013,147,135.027692
-2.9806442,480,135.042983
-10.768404,227,135.121075
-4.020199,204,135.167326
-3.439719,225,135.692674
-2.9797425,178,136.357035
16.723097,153,137.397108
2.5005212,480,137.748924
-3.0440645,185,137.946933
-3.3337283,480,138.26131
-6.442361,317,139.252026
-1.4492542,480,139.252101
-3.4723377,480,139.758142
-2.674052,480,139.798587
-3.1353338,480,139.910167
-1.4011197,480,141.307364
5.3294215,480,141.433619
-1.126859,480,141.896841
2.362256,480,142.40311
0.5633816,480,142.414097
6.1460667,480,149.422116
-6.8075757,480,150.009088
17.420185,373,150.276372
1.6340914,480,151.101213
0.8282237,78,151.19042
-2.5844712,468,151.235014
-0.736212,480,151.570106
-3.3620384,177,151.995787
1.5943638,480,152.833565
3.096382,480,152.833615
-7.3795257,359,152.921808
0.35915875,480,153.156827
1.7829499,480,153.183373
0.49722755,480,153.267487
16.233997,149,153.698878
-8.857578,374,154.181596
-0.14813232,480,154.555746
1.3074188,480,155.234443
-2.8406515,165,155.679175
-3.1087818,480,155.811721
-3.1621892,234,156.321711
0.9227428,86,163.214636
-4.5468855,232,163.464782
-2.1913939,480,163.608139
-8.407845,455,164.048484
0.8699227,480,164.556796
3.3935935,480,164.638273
2.6005576,480,165.399257
-3.402071,480,166.289536
-3.3743122,480,166.409438
-3.627669,480,166.664896
-7.3982363,480,166.777219
-6.906853,315,166.777296
17.437004,354,166.793177
0.28165784,187,166.84918
-0.41097835,480,167.675926
0.74944663,86,168.019738
1.7785888,480,168.111647
16.393959,160,168.811718
16.389465,168,169.56744
-0.8666847,480,169.906011
17.18139,356,170.093386
3.3961015,158,170.233333
16.59422,153,170.538295
2.8954225,480,170.623121
17.502676,348,176.380613
-2.6732376,480,176.472638
16.21438,289,176.511558
0.11745819,480,176.667104
6.2657757,480,177.6041
16.329195,179,178.358968
17.410543,208,178.403684
17.676615,315,179.247633
-2.2236395,480,179.870672
0.8065861,480,179.870725
-2.0725641,480,179.890729
-3.2210267,290,180.942863
-11.929955,475,180.955218
-7.6646094,324,181.312675
16.463938,142,181.37762
17.236755,196,182.979709
-2.4346004,480,183.208851
-0.004980514,480,183.335772
-0.88270414,480,183.631273
2.4450653,480,183.709954
-1.5285456,480,183.978046
-2.4596064,480,184.102333
-1.5392512,480,191.52847
-4.923676,269,191.750195
-6.9145794,374,192.411676
-2.1231143,480,192.479011
-0.43737218,480,192.541282
-4.6193504,301,193.1153
-0.050376248,480,194.424295
-2.9577644,284,194.424365
0.9048263,87,194.576308
-4.816193,280,194.759907
-0.5393436,480,195.630853
0.2186551,191,195.948492
1.6037651,480,196.283555
-2.6638663,292,197.972291
2.5576372,480,198.41608
1.9343487,480,198.964978
-0.9338394,480,199.040495
0.31237718,480,199.245529
-1.3188013,480,199.39632
-4.89699,306,206.64031
2.4802003,480,206.813207
-1.4564456,480,207.017613
-7.311234,366,207.417202
3.257826,480,207.690752
-4.9567504,340,208.30751
1.011351,90,208.982179
1.7364537,480,209.097158
0.3374998,480,209.321337
-2.4871793,442,209.620679
16.507423,149,209.620734
-4.930436,332,209.704711
0.8157108,76,210.166019
-3.1845782,480,210.576737
-4.412727,356,210.811452
0.95931727,89,211.043209
1.1368773,92,211.704311
16.556091,142,211.919312
-7.416218,398,211.945394
17.286703,336,212.229953
-3.461436,480,212.412466
-1.8678828,480,213.045498
16.4823,143,213.278855
0.80002236,87,213.386997
-0.0652729,480,213.476511
0.47906744,75,213.51196
-2.9452956,455,213.792076
17.238356,201,213.93058
-2.4602606,288,214.062424
16.208649,142,214.122818
0.6082045,75,214.285141
0.36013666,480,214.456059
-6.561475,160,214.548675
-4.575464,105,222.111811
-4.511119,113,222.170501
1.1172795,91,222.361861
17.16829,386,222.788709
0.39252177,480,222.851813
-5.2482805,480,223.576176
-3.950047,194,224.085114
16.385406,152,224.725393
17.439518,173,224.84374
16.206512,255,225.034377
16.498642,168,225.468126
17.256687,323,225.609397
-2.7877867,183,225.877723
-0.7270519,480,225.913007
-6.3674183,447,227.057472
-4.4783497,109,227.671243
-4.5795846,106,227.715762
-4.40962,377,227.806846
0.59762335,105,227.945311
-6.4346213,352,228.387444
0.4909515,480,228.753552
-0.5447333,480,229.470231
-1.0102936,480,230.072874
0.25893074,480,230.475425
-4.5111985,106,230.539213
16.520782,149,238.421291
17.120342,215,239.404419
-4.556526,385,239.9521
-5.93295,480,239.96494
-6.511486,361,240.320225
-0.32463658,480,240.440171
-5.5663333,480,241.144658
2.5729961,480,241.261438
-5.664372,363,242.489118
2.426539,138,243.321005
0.6074887,96,243.518584
-5.037579,327,243.619537
3.5360253,480,243.909734
-6.782506,326,244.098367
-4.7073836,378,244.249601
1.930307,130,244.357076
-5.5294914,350,244.833038
1.9436362,480,245.036925
-0.743982,480,245.721235
0.18331635,101,245.843359
-4.7707562,394,246.206759
16.611792,182,246.629491
17.5097,199,248.238127
-4.677525,376,248.238194
17.49495,198,256.805959
-2.8943176,227,257.002049
17.55525,203,257.094313
2.542589,480,257.308388
-4.6207404,311,258.270405
2.4419541,480,258.310228
-0.8160556,480,258.354363
0.8303278,86,259.131327
0.8515421,81,259.493802
1.0277703,83,260.893611
0.8542023,87,261.073921
-4.7406306,429,262.255024
-4.8236995,348,263.235754
-4.71729,331,263.448329
0.34344333,480,263.476015
17.40192,475,263.847676
-6.6686788,321,265.085363
-6.8505735,294,265.459009
17.527285,185,265.651169
-3.5037618,480,265.675665
4.3577614,480,265.820813
17.181953,166,266.374853
-4.7408924,395,266.595624
-4.8010464,312,266.936424
-4.4035172,391,266.995244
17.491186,189,267.274422
17.201492,169,267.27448
-4.441659,411,268.140692
17.351755,191,268.459541
0.96638155,93,268.541172
-2.9264572,160,268.58723
-4.5501585,423,277.713448
-4.620072,96,279.582297
0.04185425,480,280.789637
-4.5647864,395,280.924298
-4.5989017,306,280.983587
17.215015,169,281.16048
17.476242,172,282.029163
17.023907,329,283.043298
-4.904209,388,283.589173
2.7184958,480,283.985612
-4.0478883,345,285.184744
-4.220757,480,286.471868
17.61893,199,287.080605
-5.016904,355,287.504567
-2.0880036,480,287.585957
-1.1675309,480,288.016172
-1.846462,480,288.481079
-4.558719,404,289.011758
-4.9166365,354,290.192344
-3.4454477,176,290.237614
-6.725266,369,290.730483
17.467714,178,298.83613
17.352741,204,299.223993
-4.7859745,363,299.270667
-4.7821426,393,299.289584
5.5467825,480,299.656719
-3.5413764,346,300.477937
17.52484,194,300.653846
3.152143,480,300.731714
-4.55005,428,301.233427
17.354053,168,301.361393
17.628351,189,301.940706
-2.8585067,480,302.360112
0.42662293,83,302.714143
17.384974,176,304.762667
16.751377,153,305.120628
17.451918,180,305.192198
1.7545265,480,305.46675
17.592278,297,306.23568
-1.8815622,480,306.356896
4.8580523,480,306.75235
-4.015208,361,307.441911
17.511791,174,308.353687
-0.66403943,480,308.752505
16.438938,197,308.976388
17.625704,328,309.060294
-3.6326668,321,309.159709
2.8490803,480,309.252478
0.60437757,480,317.741578
-4.016256,397,318.022369
-4.8755193,480,318.170535
16.285728,214,318.663709
17.459969,220,318.911989
-4.725023,123,319.934066
5.5993414,480,320.980572
17.328005,175,321.130531
17.360332,213,321.768
17.457973,175,321.914419
17.32965,185,322.530923
1.7737275,480,323.158605
17.487612,233,323.228761
4.4262185,480,323.415854
17.637499,191,323.992415
-6.53403,332,324.139857
16.319332,152,324.215307
-2.822155,480,324.90036
5.483544,480,325.557434
17.383793,175,325.665151
17.322132,185,325.69244
4.493461,480,326.738669
17.2846,165,327.271089
-1.5616786,480,327.34956
17.053177,182,327.435148
17.30399,169,327.95159
4.397123,480,328.357837
16.318127,265,328.357931
5.363421,480,336.339525
17.29612,178,336.872792
3.0659516,250,337.024473
1.4466289,122,337.842712
17.542149,184,337.916499
1.1139939,112,338.082114
16.158203,235,338.157043
16.655357,279,338.200332
-3.0298853,480,338.806751
16.182701,387,338.834029
17.788925,221,339.237437
16.605621,373,339.426088
17.159336,161,339.795922
16.448639,142,339.90953
16.535196,149,339.934125
16.563421,265,340.077041
1.5337306,104,340.202679
1.4573194,109,340.892399
17.202261,160,341.026007
17.482151,168,341.057809
17.299608,164,341.136258
17.573315,157,341.164867
1.3109114,112,341.185421
17.569517,163,341.882144
1.4821116,111,341.939598
1.172915,114,342.111247
1.56872,117,342.264272
17.443806,166,342.339208
17.254616,143,342.485054
2.8511646,480,342.591175
17.308836,156,342.591249
1.7588571,116,343.155794
16.357403,146,343.587941
0.15377697,76,343.641663
17.294361,161,343.807592
3.1416178,480,343.86037
16.53537,151,343.968945
0.2338257,78,344.200735
16.751963,158,344.224664
1.3797578,121,344.280867
1.2157915,105,344.436533
17.613531,183,344.541632
2.0034711,134,344.773419
-4.003153,480,345.070095
17.538471,168,345.121723
1.3023348,109,345.721446
16.118013,148,345.802047
16.554493,158,345.893508
1.4517703,105,346.430108
1.5765182,100,354.699734
1.6591203,113,354.699799
16.529383,146,354.773538
3.316443,145,354.786105
2.8748548,133,354.995791
1.5902716,112,355.179385
3.2012446,161,355.347517
17.206865,162,355.42855
17.31273,162,355.735963
2.2900748,116,355.760029
17.374655,154,355.859346
1.818227,104,356.148131
3.1999836,142,356.449759
3.128737,123,356.542809
2.8716094,130,356.906405
3.1350489,122,357.322493
3.2025442,120,357.972795
2.7179608,125,358.041786
2.8596563,114,358.235327
17.115261,156,358.480526
17.367855,149,358.752731
2.607247,122,359.062249
3.9972644,158,359.099779
17.570421,181,359.099854
17.184116,143,359.242738
17.619965,159,359.300125
16.992937,154,359.521938
17.521027,159,359.539218
16.355776,131,359.827647
3.7439082,152,359.932132
17.42678,176,360.447907
3.179936,128,360.533441
2.9513066,123,360.707245
3.0261276,119,360.882976
17.490982,176,360.912029
2.5309615,119,361.072965
2.7803857,119,361.241236
16.359001,125,361.39622
17.623894,175,361.3963
2.9800708,126,361.902501
17.21813,165,362.518245
17.476978,174,362.562145
17.553484,166,362.608953
3.8290312,145,362.859061
4.1277976,162,362.89147
3.1136024,118,362.891574
17.699936,161,363.20418
2.986348,124,363.204247
3.2003505,132,363.646791
2.6362422,119,363.779226
3.1777866,140,364.0484
2.8774767,122,364.397598
3.1663198,123,364.415479
3.0043488,132,364.434193
4.114591,159,364.527786
2.2795634,109,365.131849
2.6497705,117,365.286432
2.5747654,114,365.520195
0.10069342,65,365.572647
17.389994,169,365.670385
2.7536643,122,373.37321
4.1202316,155,373.535845
4.075007,150,373.730856
4.3210974,162,373.771772
17.211182,166,373.809607
16.695465,136,374.00229
16.30754,126,374.367366
17.343433,159,374.531745
3.9683309,138,374.611647
4.107489,158,374.735186
17.454224,162,375.151708
16.324232,131,375.469508
16.556355,140,375.469584
16.471714,127,375.592794
16.753056,136,375.774739
4.058073,161,376.047553
17.133615,157,376.21876
17.245392,153,376.295653
17.582819,171,376.321528
17.188595,156,376.370765
16.646196,146,376.442641
17.288124,161,376.470714
16.252956,126,376.618571
17.64764,171,377.322667
16.316368,129,377.340587
4.20337,174,377.948964
16.059391,126,377.978144
3.4437337,203,378.621806
4.081025,154,378.679228
16.228611,128,378.918801
16.468727,122,379.062191
17.588818,179,379.108186
16.318468,133,379.172346
4.203822,167,379.228882
3.00627,134,379.427816
4.056635,147,379.47079
3.914024,167,379.832378
3.8868878,165,379.89486
3.8771958,155,379.933339
16.49606,143,380.419099
16.390326,135,380.894448
16.231804,137,380.928805
16.128826,123,381.089891
17.427065,163,381.089974
16.692478,128,382.069089
4.143636,172,382.391833
17.188862,162,382.453986
16.403996,135,382.664819
17.462006,181,382.937277
17.324083,179,382.937372
4.3268237,177,382.971182
4.105073,164,383.068235
16.460785,137,383.239367
16.437572,147,383.353615
16.556808,123,383.693442
16.63168,137,383.719369
16.401512,125,383.778478
4.0288296,168,391.389314
3.2365882,127,391.433964
3.789861,150,391.769697
2.7671425,125,392.225801
2.9751742,127,392.318292
4.0758724,146,392.386901
3.670488,144,392.757318
3.229949,126,392.817959
3.1091626,141,393.109921
2.9038823,132,393.152852
3.1265502,137,393.174387
2.7592325,128,393.174476
3.7287605,148,393.26358
2.9940205,133,393.762676
2.8393042,132,393.885124
2.9379394,130,393.905089
3.974604,143,394.016855
3.9117742,151,394.112191
2.768609,124,394.217236
16.64059,134,394.93349
2.827781,128,395.008657
3.8312209,137,395.085056
3.7791402,139,395.606726
3.8910463,140,395.665876
16.149582,130,395.743328
3.0306573,130,395.759342
3.8079998,135,395.841707
3.034696,132,395.863632
3.1822858,142,395.911128
2.8536682,139,396.337707
3.380578,141,396.726006
4.145649,148,396.726082
3.9368064,148,396.749154
3.8303938,163,397.238242
4.054259,159,397.27388
3.1053317,132,397.515011
3.0363574,129,397.556938
3.8881767,140,397.94865
3.9847546,143,398.661716
3.9045854,138,398.712292
4.014722,145,398.739717
2.7888694,132,398.774774
3.8956957,149,398.999175
3.9466891,145,399.015422
3.9336958,145,399.033153
2.7941813,130,399.271668
2.8319273,123,399.424235
4.183927,140,399.809498
3.8467538,145,399.942119
3.1209404,130,400.282393
3.7503114,136,400.371455
3.1448739,127,400.474609
4.0187902,148,400.934247
4.1541386,141,401.119896
3.1364267,136,401.614309
4.1214094,138,401.783107
3.8523514,135,401.811093
3.1053236,138,408.895719
3.1898785,130,408.932755
4.2077813,150,409.415658
3.856298,150,409.445276
3.059807,146,409.61361
2.9984894,147,409.856472
3.2838101,134,410.141347
3.802843,146,410.308234
2.9398742,137,410.74894
16.5125,141,410.749041
3.926413,147,410.790927
3.1593044,134,411.120095
3.3017576,148,411.59136
3.7131596,141,411.889807
16.702435,138,412.034347
17.03711,143,412.068564
4.1720486,143,412.08584
3.9013062,150,412.178217
3.253968,130,412.279088
2.994812,135,412.33941
4.230658,145,412.621853
3.301337,140,412.669419
3.2200608,140,412.939895
4.301891,150,412.995944
3.0386086,127,413.012362
3.8109782,135,413.187152
17.339043,151,413.579311
4.0051823,143,413.777743
3.136203,135,414.484065
2.912669,133,414.644992
4.3813877,162,414.645113
2.9960077,132,414.645133
3.8496623,150,414.937795
4.1491537,145,414.991226
3.4006317,136,415.010975
3.9430852,147,415.130191
2.8028502,122,415.130294
3.2569418,138,415.354646
2.9250693,125,415.66639
3.8812733,135,415.792844
3.0994787,135,415.890854
2.9979265,127,416.20078
4.423148,149,416.333696
4.198181,145,416.607667
2.80419,121,416.91906
2.9689727,130,416.952082
3.2941144,144,417.299399
3.2831635,133,417.377567
3.1438234,127,417.470202
17.338408,155,417.506364
3.3833885,134,417.604198
3.283117,147,417.710507
4.1594515,151,417.766763
3.12689,125,417.946791
3.1895843,137,418.046001
3.9668808,151,418.107598
3.8349164,145,418.348164
16.1558,135,418.586652
3.7963722,145,418.611849
4.618572,161,426.717712
17.164312,149,426.806486
13.546787,149,426.833869
3.6231947,139,427.060763
16.613894,135,427.239316
3.0756679,132,427.504108
17.229408,142,427.65015
3.3201845,156,427.714432
17.551311,154,427.970541
3.3123767,133,428.206812
17.445347,147,428.304735
3.4005125,137,428.639985
3.3124614,144,428.754947
17.26194,148,429.401374
13.286213,133,429.427452
3.483316,143,429.659656
3.1093452,129,430.197039
3.1619775,134,430.353285
17.133583,142,430.533512
16.195557,133,430.566673
3.4392865,137,430.754597
3.4249494,133,430.941209
3.699037,139,430.985975
17.598703,152,431.099528
17.266745,148,431.099604
3.6214767,143,431.18844
16.488773,130,431.202763
3.455346,144,431.247819
17.330996,152,431.606421
17.49482,147,431.871045
17.515327,146,431.871125
16.45383,145,431.989555
13.225613,133,432.324179
3.3269248,138,432.624925
16.556883,135,432.76348
17.481174,141,432.931741
3.473476,132,432.985819
3.2314873,134,433.355096
13.545023,142,433.444477
3.057505,135,433.664822
17.405462,145,433.748729
17.550037,150,433.899777
17.446085,150,434.07307
17.208302,148,434.120325
3.1120107,137,434.390495
2.8867078,128,434.555392
3.4305274,137,434.718029
0.605916,74,435.04458
17.444649,152,435.098423
3.1977863,133,435.385176
17.6633,156,435.57576
17.325043,139,435.7096
17.522938,147,436.116368
3.7391827,147,436.164991
3.5986416,136,436.345162
3.0894547,138,436.719831
16.57922,139,436.820508
17.503624,138,437.106652
16.639418,145,437.128874
16.344574,126,443.979732
3.6439528,140,444.063805
17.458933,154,444.096372
17.161118,137,444.256881
17.319391,141,444.62153
16.14988,124,444.651045
17.472225,145,444.73345
3.2834725,126,444.936738
17.318823,143,445.134727
3.1693218,125,445.215038
17.191883,135,445.345369
17.33907,136,445.617235
16.768602,132,446.065519
16.276684,125,446.176697
17.673975,149,446.416547
17.673882,138,446.506354
13.819155,132,446.621264
17.358173,133,446.804072
17.363693,133,446.887212
17.262175,127,447.766288
17.561152,135,447.785666
17.712223,140,447.900462
3.1820111,126,447.913016
3.5522373,126,448.090733
3.6186354,122,448.307481
17.719301,132,448.358721
17.247372,126,448.63999
16.35932,125,448.941615
3.4661655,131,449.132316
16.257742,129,449.276806
3.5067642,128,449.322475
17.54692,138,449.365241
17.264957,126,449.381514
3.7955115,126,449.429528
16.61888,125,450.095237
16.648592,121,450.153613
17.498043,137,450.264951
17.419886,136,450.386717
17.359695,134,450.542414
3.474799,124,450.583292
3.5578394,128,450.625224
17.64317,137,451.000553
3.6343195,132,451.202054
3.7161908,124,451.242231
3.173542,123,451.493151
3.32932,122,451.533481
17.609543,137,451.656364
17.376263,130,451.696652
17.674856,138,451.770391
3.190685,122,452.19621
17.414783,136,452.362926
3.7767935,126,452.502432
16.165546,121,452.58343
3.165031,125,452.721766
13.500446,129,452.759031
16.47637,122,453.189575
-3.738564,480,453.663347
17.153904,134,453.736467
16.369493,120,453.736566
17.266363,136,461.426991
3.4355907,123,461.438251
4.0426016,127,461.704663
4.618872,139,461.937906
3.528143,141,462.087076
0.17617755,58,462.534543
16.251762,128,462.66933
16.435867,139,462.689772
4.3004036,129,462.869719
16.242107,130,463.000659
4.1030803,132,463.220153
4.654996,133,463.287745
16.297165,130,463.653362
16.378212,131,464.082332
16.374996,130,464.123977
16.257845,132,464.267365
16.59719,142,464.443722
4.2930293,130,464.48504
0.10286394,58,464.533329
16.527916,136,465.087486
4.4950547,131,465.159176
4.3552923,131,465.639223
4.3169217,132,465.877483
4.068775,120,465.931263
3.14608,127,465.960246
4.136193,136,465.960316
4.66127,133,466.597324
16.132463,421,466.82328
16.613455,138,467.133374
4.065184,129,467.356102
4.155988,137,467.462914
4.180487,132,467.556417
4.056895,124,467.574661
16.507084,124,467.646385
4.548832,139,467.963229
16.148397,130,468.162295
4.2433896,132,468.254221
3.9630723,121,468.679
4.3954515,137,468.825904
4.4398646,134,468.936813
16.681164,138,469.082212
16.57038,144,469.158237
4.13515,133,469.331641
3.5025172,145,469.721065
2.9179358,132,469.721145
16.610147,131,469.931055
4.3458943,134,470.084602
4.3626227,130,470.0847
16.341589,128,470.507561
16.636515,146,470.531627
16.483002,142,470.531726
4.2126093,132,470.82626
4.4233913,140,471.018183
3.1462193,129,471.129511
4.0525007,132,471.348169
0.47575244,67,471.406187
3.310848,130,471.44365
3.6882591,145,471.505275
4.101996,124,471.657281
16.40475,136,471.657355
16.435814,139,479.919105
17.201046,130,479.991771
17.509733,145,480.034731
16.46052,135,480.260332
17.227377,124,480.352671
16.207302,123,480.352747
16.627708,126,480.402302
17.17869,128,480.689145
17.092304,122,480.836447
16.62481,118,480.886233
17.556108,122,481.213974
16.350449,118,481.2258
17.38845,117,481.252204
17.240774,126,481.32277
0.17980899,55,481.368847
16.58637,121,481.494589
16.628069,122,481.531942
16.644081,114,482.084707
3.5446715,112,482.145642
16.446049,116,482.171873
3.3148034,109,482.3843
3.3444366,108,482.430144
17.617805,131,482.764996
0.529575,69,482.857599
16.578512,121,483.053267
16.713308,115,483.053367
17.236485,129,483.386801
16.518091,112,483.506915
17.20918,121,483.563431
16.44826,115,483.60963
3.5407457,112,483.664364
17.344131,126,483.697703
17.586662,130,483.712876
3.3712718,104,484.022348
16.687044,114,484.375067
3.3082933,114,484.411553
16.426884,112,484.720196
17.087032,123,485.016191
0.5167813,67,485.278447
17.043936,117,485.34928
16.420198,113,485.37044
16.307217,112,485.682424
16.56132,118,485.865695
16.253613,108,486.346677
16.75612,120,486.489597
16.29648,112,486.537041
16.409588,117,486.871349
17.163313,124,486.914487
17.247944,122,487.023775
16.699383,116,487.411845
0.5585803,67,487.741861
17.403336,121,487.821404
17.112385,119,487.821518
16.35515,114,488.129979
16.117981,112,488.255563
17.559221,132,488.313843
17.479235,129,488.751132
17.478155,131,488.822096
17.431465,131,489.000855
16.567213,113,489.149061
17.317762,129,489.32398
17.426628,122,489.324064
16.582748,116,489.416222
16.47885,118,489.481287
0.31001973,62,489.517071
3.086215,107,489.584442
17.357971,130,489.744391
16.64226,109,489.938855
17.274227,122,490.167131
17.462652,132,490.258022
16.246243,107,490.315996
17.400236,121,490.398263
0.46121123,65,490.39833
17.3724,121,497.386713
16.442291,114,497.528766
17.249388,123,497.528837
16.540714,112,497.616095
16.03621,100,497.778306
17.338722,123,498.070784
17.377375,119,498.110125
16.212086,106,498.258288
17.109768,116,498.258428
17.25148,123,498.364732
16.653902,107,498.759456
16.43269,106,499.081975
16.301136,101,499.101961
16.205975,101,499.286517
16.217735,105,499.352811
17.58037,131,499.702174
16.160723,100,499.774008
17.211151,112,499.878231
16.49153,110,499.92912
17.500862,118,500.115435
17.505219,116,500.236648
17.44707,112,500.390978
16.415445,108,500.535723
16.527115,112,500.555662
17.552103,119,500.555738
17.356964,118,500.655578
16.62487,110,500.724244
16.1849,103,500.844706
16.606174,108,501.118805
17.310875,120,501.150632
17.658978,116,501.29598
16.156858,110,501.534246
16.175701,108,501.581451
16.261126,106,501.662641
17.736807,121,502.00733
17.482714,120,502.190085
16.757523,117,502.255337
17.175188,117,502.410992
16.222977,103,502.425693
16.74347,112,502.462719
17.248436,114,502.532313
17.512516,123,502.761379
17.069391,115,502.813307
17.544355,117,503.026548
16.155977,110,503.197507
16.492756,115,503.455393
16.538242,109,504.051572
17.620747,125,504.074587
17.464844,119,504.341426
17.299473,119,504.472385
16.320847,115,504.82717
16.124928,103,504.827251
16.490618,113,505.196617
17.396814,114,505.479209
16.319532,114,505.531821
17.312485,119,505.586241
16.62273,108,505.694692
16.242378,102,505.810688
17.201422,110,505.810798
17.451164,123,505.863073
16.329979,113,506.273042
17.418858,115,506.496807
16.52361,114,506.87391
17.665754,117,506.907143
16.274063,105,506.925365
17.161648,114,507.148351
17.40526,116,507.444032
17.226944,120,507.544837
16.311436,107,507.714678
17.709454,120,507.749093
17.30925,115,507.872816
16.3086,107,507.927233
16.716736,113,507.927307
16.345602,113,507.989607
16.590023,114,508.002311
17.448658,123,508.016272
16.293467,105,515.039576
16.315413,112,515.468781
16.453922,106,515.781682
17.09067,111,515.959389
17.661892,117,516.053142
17.15269,116,516.446847
4.2630725,110,516.660974
16.33662,98,516.749579
3.9389713,116,516.808328
16.433414,98,517.016761
16.112583,95,517.035804
17.018297,115,517.085971
4.0432,110,517.175101
16.38739,96,517.235951
16.710632,104,517.236028
17.484173,121,517.430817
17.536047,121,517.513374
17.1433,110,517.732203
16.608664,100,517.80774
16.65504,96,517.881814
16.211737,93,518.078689
17.227304,114,518.109454
16.131409,97,518.313189
16.750603,99,518.452075
16.40068,96,518.611695
16.616407,100,518.73404
17.413353,119,518.856231
17.48531,116,518.949602
4.1137996,112,519.018611
16.47549,95,519.078923
17.368475,116,519.196068
4.087682,116,519.196147
17.354864,117,519.505551
16.158909,94,519.835746
4.2569213,116,519.908014
17.56411,127,520.010629
17.323439,120,520.06878
17.402954,111,520.286333
16.653198,103,520.394814
17.566833,117,520.891302
17.278893,115,521.014867
16.634008,102,521.02738
16.674524,100,521.067167
17.434795,120,521.168496
16.644857,100,521.168574
16.634983,98,521.219651
17.509106,120,521.519086
17.781055,118,521.714458
4.1554804,115,521.969413
16.660456,100,522.217166
16.603077,96,522.273173
16.486496,98,522.446131
17.488716,117,522.652858
16.621569,102,522.897135
17.584803,120,523.136664
16.60105,101,523.264903
16.377087,97,523.571243
16.42379,97,523.62714
17.211477,114,523.729723
17.454119,117,523.729836
17.454727,123,523.810125
17.325026,115,523.862074
16.530172,99,523.984738
16.413965,97,524.115494
17.293419,115,524.173199
17.441927,116,524.585447
17.047787,116,524.616801
17.209095,114,524.665366
16.465225,102,524.702867
17.568527,123,524.945522
17.203169,113,525.171483
17.155914,110,525.249958
16.360516,95,525.250037
16.582132,94,525.376314
16.074305,94,525.376389
16.453077,100,533.662443
17.63366,119,533.729303
16.466232,99,533.760038
17.506716,118,533.90896
17.086334,103,533.939607
17.275955,117,534.214464
16.414263,98,534.307585
16.269361,95,534.335238
16.367107,104,534.366547
17.243488,105,534.449215
16.366379,98,534.864778
17.323286,113,534.923289
16.274906,96,535.115126
17.497385,119,535.48409
17.622719,119,535.484232
16.401985,102,535.668071
17.412075,116,535.668179
16.544703,99,535.694664
16.315716,96,535.952035
17.25581,114,536.35643
17.3339,125,536.40472
16.36936,102,536.525986
16.497234,97,536.56729
16.3635,99,536.710871
16.405144,96,536.803149
17.523422,123,537.30617
16.706139,101,537.447569
0.2156967,71,537.468438
0.4132519,75,537.533168
17.208303,125,537.874122
17.513737,120,537.919704
16.366713,100,537.937109
16.635075,100,538.144464
17.34621,118,538.167735
17.251194,120,538.220578
16.289673,98,538.647171
16.19088,97,538.664169
16.426552,98,538.835865
17.428942,119,538.881045
16.673195,107,538.917059
17.216797,122,538.944444
16.230225,104,539.41478
17.630695,119,539.578667
17.445791,119,539.701947
17.273594,122,539.828082
16.650187,99,540.073572
17.36305,120,540.191189
0.4453199,69,540.21502
17.399103,120,540.301236
17.41072,110,540.332113
17.26547,122,540.332204
17.153498,117,540.562994
16.581892,105,540.732119
16.613853,100,540.958085
0.26601183,63,541.131077
17.172812,112,541.212458
17.646994,129,541.400244
17.369576,116,541.543916
16.19739,94,542.103175
17.185041,121,542.341339
17.188622,130,542.361055
0.27209336,62,542.406864
16.64939,104,542.616755
16.579353,101,542.656497
17.184431,120,542.790872
17.292217,116,542.915299
17.432371,110,542.980537
17.160131,119,542.980645
17.615911,124,542.995013
16.736912,107,543.039657
16.381641,94,543.057451
16.231628,98,543.165209
16.295527,93,543.181138
16.706339,104,543.443799
16.708366,100,552.280058
16.372389,100,552.355208
16.730732,104,552.376813
17.384903,121,552.442251
16.272661,92,552.50011
16.323647,98,552.566019
16.405785,96,552.678934
16.09899,90,552.693489
16.626713,98,552.885261
16.435617,90,552.968929
16.4397,103,553.198053
17.190994,121,553.334024
17.331024,121,553.410818
17.672173,128,553.460154
17.344215,135,553.694864
16.350632,92,554.124274
16.38981,87,554.146056
16.387218,90,554.520629
16.390524,90,554.556009
17.581135,171,555.357812
16.187012,94,555.582355
17.608683,155,555.985669
17.674898,160,556.009065
17.708776,177,556.580554
17.382816,172,556.627963
17.182339,152,556.71726
17.467125,156,557.12016
17.423893,154,557.156839
16.420332,90,557.36137
17.634008,198,557.451999
17.558605,177,557.604397
16.33425,87,557.670043
17.291445,171,557.685942
16.584173,93,557.779408
17.247204,160,557.839601
17.337559,164,558.1668
16.725224,97,558.273499
17.191751,178,558.488054
17.563707,202,558.857657
16.35405,85,558.927111
16.32125,89,558.987062
16.483768,88,559.344852
17.269539,179,559.418079
16.35834,91,559.672988
16.747293,99,559.70832
16.483187,93,559.777424
17.222372,158,559.835151
16.255714,98,559.909589
16.19891,93,560.141062
16.226336,95,560.280559
17.31119,193,560.34814
16.650438,92,560.403044
17.146772,149,560.60079
16.631754,93,560.600854
17.632761,177,560.74806
16.11585,87,561.080668
17.109797,137,561.30612
16.199104,95,561.522615
16.338615,87,561.651324
16.323772,92,561.905522
16.490238,91,561.949212
17.403679,150,561.949272
17.579855,170,562.00977
16.633873,94,562.263978
17.395847,149,562.362577
16.265514,91,562.378992
17.671627,174,562.43522
17.463655,183,570.567894
17.585634,175,570.585531
16.260902,92,570.656871
17.10788,152,570.770385
16.056578,82,571.11442
16.168236,81,571.151095
16.38905,88,571.193646
16.457098,87,571.215583
17.491388,174,571.421941
16.560654,89,571.655383
17.121017,156,571.73003
16.655376,89,571.775444
16.47338,90,571.806803
16.638062,92,572.477108
16.541874,91,572.571001
16.110699,85,572.772266
16.759604,92,573.24016
16.513865,88,573.3341
16.389599,90,573.424469
17.518959,250,574.232291
16.59464,87,574.263298
17.302671,264,574.378739
16.4942,89,574.394866
16.634874,88,575.052092
17.267384,268,575.369254
17.120094,250,575.557181
17.366264,255,575.707858
16.391544,86,576.083406
16.376547,83,576.167106
17.238907,243,576.280198
17.226654,267,576.838413
17.218878,273,576.94049
17.284174,245,577.034127
16.398865,86,577.625831
17.346262,270,577.648628
17.3312,226,577.819443
16.318474,88,578.156641
16.265652,86,578.637944
16.533987,88,578.759955
17.61452,265,579.049953
17.157799,263,579.104269
16.25832,86,579.200554
16.470146,92,579.279253
17.254765,249,579.442233
17.266119,242,579.473746
16.387604,87,579.700265
1.0236367,52,580.162242
16.157349,87,580.162317
17.552874,255,580.292157
17.437084,247,587.984359
17.202736,263,588.142116
17.368362,246,588.285601
16.351639,89,588.336214
16.12198,83,588.442343
17.452707,275,589.0185
17.131596,248,589.070282
16.558456,87,589.249823
17.2952,231,589.438289
16.327053,86,589.76061
16.125511,84,590.014378
16.343504,87,590.229711
16.516977,86,590.602046
16.51572,88,590.688613
17.521057,252,590.706527
17.181032,240,590.775202
17.215279,257,591.131502
17.36856,241,591.206047
17.29091,261,591.290035
17.181437,205,591.413079
16.468275,87,591.493406
16.489958,86,591.70911
17.301765,251,592.07747
16.780836,89,592.125443
16.220636,85,592.140092
16.468311,86,592.191827
16.30447,87,592.652163
16.692524,91,592.861568
17.732992,255,592.861655
16.20206,82,592.926936
16.793877,89,592.962427
17.666052,257,593.127661
16.553625,89,593.351311
16.592117,87,593.726087
16.389717,87,593.744015
17.053396,258,593.800784
17.559097,262,594.412184
17.51077,280,594.41225
16.643711,88,594.490334
16.534492,86,594.564976
16.304188,84,595.315002
16.554396,89,595.329556
16.701452,89,595.344094
17.30547,264,595.485909
17.446295,272,596.482314
16.698751,87,596.557504
16.988903,222,596.685582
17.582876,254,597.453387
16.202223,83,597.57478
16.395523,86,597.645575
16.518293,87,597.805387
17.144749,267,605.715393
17.365337,253,605.806721
17.08004,262,605.921574
16.683952,91,606.04342
17.671097,279,606.56998
17.478745,279,606.751027
17.07392,221,606.907079
17.408512,176,606.962974
17.415302,231,606.995629
17.580685,231,606.995693
16.570553,93,607.151281
17.346151,153,607.361435
16.421959,90,607.614236
16.249626,88,607.677943
17.443462,135,607.678063
17.613209,128,607.678105
16.175663,91,607.830722
17.613884,172,607.887631
17.491,138,607.944842
16.237732,89,608.308565
16.552273,93,608.592585
16.234182,85,608.592703
17.544064,137,608.744692
16.36524,92,608.744785
16.115772,85,609.149436
16.48501,97,609.165637
16.308748,92,609.321481
17.292582,128,609.433905
16.339819,91,609.468193
16.235664,88,609.53054
17.410543,134,609.702494
17.588852,150,609.820481
16.16326,86,609.834596
17.291859,135,610.112064
17.106121,127,610.163419
16.374117,90,610.180516
16.618763,92,610.2112
17.247963,143,610.244681
16.564123,94,610.842937
16.34413,89,610.894023
16.306274,88,610.972707
16.480196,90,611.02834
16.157387,88,611.042979
17.445068,142,611.246967
17.53148,149,611.354699
16.558577,92,611.41055
16.463135,89,611.650456
17.494064,142,611.673166
16.380005,90,611.820981
16.457714,93,611.821041
16.443151,95,611.92432
17.370995,125,612.026951
17.198826,137,612.090839
16.143204,87,612.374375
17.523766,136,612.584083
16.254784,90,612.708229
16.432846,92,612.726675
16.742462,95,613.082435
17.39051,124,613.204665
17.535522,135,613.33117
16.51281,91,613.412784
16.17701,88,613.483896
16.676414,92,613.672845
17.590017,132,613.777639
17.401695,144,613.812542
17.302221,128,614.075683
17.410637,135,614.095625
17.257793,141,614.182485
16.077984,85,614.196499
17.300135,135,614.438358
16.13336,88,614.555293
17.239313,117,614.577152
16.484983,92,614.832238
16.277164,89,623.42024
16.13332,85,623.420338
17.21661,148,623.454141
1.073294,54,623.454216
17.297699,134,623.474004
0.9782557,56,623.611439
16.400816,89,623.702522
16.710781,91,623.883923
16.510021,91,624.178639
4.2462015,140,624.263014
0.9808067,55,624.26309
1.0727509,51,624.455206
17.563463,134,624.647093
16.654081,90,624.701688
17.40945,124,624.810253
16.344027,85,624.908629
17.571863,114,624.944837
16.361183,86,624.961449
4.0464272,108,624.961515
0.8480261,53,625.136479
16.633558,90,625.181447
4.1497135,101,625.243315
3.7156258,106,625.300536
17.524897,114,625.721156
0.92965055,53,625.792007
16.735287,92,625.939321
0.9027952,53,625.973679
17.586369,113,625.973778
0.7410559,51,626.000021
17.127438,99,626.000117
0.81922334,51,626.000139
0.7938282,50,626.351581
17.234888,105,626.49999
17.301508,110,626.87446
0.7219604,53,627.023026
16.589003,89,627.120286
16.588987,88,627.138393
17.717083,120,627.214566
0.7729118,53,627.230637
16.41565,86,627.230705
17.228462,118,627.471031
1.0396523,53,627.580975
16.5753,87,627.824351
0.9119193,51,627.850358
16.620747,93,627.910202
17.111305,97,627.981647
0.7566741,49,628.054302
17.190266,104,628.084269
17.428402,108,628.118577
4.2761993,116,628.165568
1.0191722,55,628.38718
17.72536,108,628.407421
1.059063,54,628.503905
16.425728,90,628.683761
16.550713,90,628.765532
16.68259,91,628.805387
1.1347307,54,629.101652
0.88235724,50,629.101784
17.483288,115,629.159846
17.694416,121,629.411232
16.716812,90,629.529051
16.567806,88,629.694273
0.9504513,49,629.7442
17.675697,119,630.229029
0.5772066,52,630.248829
0.5645795,52,630.276479
16.27657,84,630.296031
17.381718,119,630.296129
17.319454,122,630.576302
17.48661,118,630.602905
17.260181,112,630.722468
17.675987,111,630.722541
0.8410257,54,630.911032
16.265095,89,630.999491
17.393177,109,631.124942
17.57693,111,631.125071
16.248148,85,631.164522
0.91044855,54,631.727674
17.138496,111,631.827418
16.583597,88,631.990158
0.7398162,53,631.990232
16.209797,89,632.035351
17.400139,118,632.077791
0.92697513,51,632.093367
1.1232989,55,632.16508
0.87625945,57,632.236685
17.343174,102,632.25131
17.463161,107,632.287117
16.647474,91,632.323791
17.30327,118,632.545468
17.067593,106,632.761785
17.378742,107,632.895144
17.424557,115,632.895221
0.828141,49,632.966349
0.86760217,52,633.059158
16.477957,86,639.44756
17.340649,117,639.86047
17.35154,106,639.944249
17.479338,102,639.95843
16.353052,88,639.958504
16.527985,91,639.973646
17.2921,110,640.032703
16.22421,86,640.047356
17.533972,114,640.064999
17.39327,106,640.20767
17.568005,112,640.34641
16.337036,86,640.628357
17.069334,100,640.785278
16.465403,84,641.071699
17.484274,111,641.506698
17.616163,111,641.640628
17.285158,107,641.99363
16.299454,86,642.215553
16.265388,86,642.244271
16.554794,88,642.306177
16.631472,86,642.428746
17.250952,102,642.51748
16.607815,90,642.517583
16.110916,82,642.545419
16.413128,85,642.769979
17.30874,105,642.830844
17.489132,110,643.0886
16.265472,85,643.190722
16.479492,86,643.29555
17.266592,104,643.476549
16.359835,85,643.724189
17.49622,107,644.086026
16.52353,90,644.146515
16.592222,85,644.241689
16.384306,85,644.357771
16.514484,87,644.458983
17.696383,110,644.695767
17.04805,102,644.742188
17.44288,109,644.742479
16.13479,83,644.822744
17.125517,109,644.957039
17.494795,110,645.143904
17.524422,112,645.208277
16.473654,87,645.242004
17.098204,107,645.33991
17.371777,110,645.477393
16.383316,85,645.642578
17.680855,109,645.747957
16.766815,90,645.883878
16.116247,81,645.939816
17.699093,108,646.096516
17.164766,105,646.262835
16.553555,86,646.2759
16.450317,88,646.304212
17.399881,106,646.58604
16.113224,85,646.691467
17.195713,108,646.825865
17.304314,108,646.925669
17.32502,103,647.193492
17.608198,113,647.279851
16.60016,87,647.398511
17.272018,107,647.39859
17.440905,105,647.549297
16.732382,87,647.753676
17.398176,102,647.830148
17.482977,110,648.071832
16.425259,89,648.120636
17.219131,103,648.149494
16.541245,84,648.331201
17.269444,107,648.413748
16.647505,89,648.493402
16.428158,85,648.518166
16.397186,85,648.608657
17.056114,119,648.760168
16.380007,86,648.996199
16.1577,86,649.468489
17.291506,103,649.528606
17.179482,102,649.607218
17.482868,107,649.678129
16.608784,87,649.964407
17.416187,109,650.001667
16.430742,86,650.034896
16.219616,84,650.16712
16.41201,83,656.991131
16.549738,86,656.991303
17.213417,106,657.097232
17.680622,132,657.229047
16.476156,87,657.391176
17.26092,103,657.453772
17.523827,110,657.491329
17.211605,109,657.595303
16.34496,81,657.733571
16.634117,86,657.733642
17.382084,104,657.925601
17.441385,115,658.038089
16.49731,85,658.119487
16.387844,84,658.267203
17.449997,116,658.556664
16.64015,89,658.58173
17.331795,116,658.608077
16.485178,82,658.608147
17.169273,107,658.661325
16.474848,85,658.702099
17.546986,119,658.839836
17.627266,116,658.87443
16.56379,87,658.910243
16.67863,88,659.092088
17.487892,115,659.249516
16.581783,84,659.249592
16.19955,80,659.296468
17.215607,108,659.469324
16.268158,82,659.612277
16.315666,82,659.948829
17.33495,114,659.994681
16.53418,87,660.045701
16.281502,83,660.112958
16.744473,88,660.143948
17.290813,109,660.383432
16.386768,85,660.523989
17.562717,118,660.559854
16.183458,80,660.596801
16.616106,86,660.699139
16.360416,85,660.73068
17.315283,112,660.757116
17.267698,111,660.769408
16.38291,82,660.796489
17.35586,118,660.819654
16.209768,83,660.909499
16.344498,80,661.225292
16.370113,84,661.478853
16.385462,83,661.702057
17.519861,116,661.726764
16.165316,80,661.754971
17.36149,114,661.879405
16.495106,87,661.895338
17.691496,121,661.911312
16.1577,82,661.947897
17.084606,106,662.372432
17.495157,115,662.385346
17.204496,105,662.437389
17.617004,112,662.481822
17.297733,111,662.507967
17.382965,117,662.557564
16.570208,88,662.572074
17.258501,112,662.615419
16.641441,86,662.745993
16.503496,83,663.009426
16.74164,88,663.055825
16.087433,81,663.10127
16.375328,85,663.179603
16.468435,82,663.179685
17.432762,114,663.47491
17.185068,110,663.709084
16.372805,83,663.753623
16.287104,81,663.795408
16.410841,82,663.992299
16.417923,86,664.33485
16.425056,83,664.335142
16.372198,84,664.684089
17.43412,115,664.7963
17.026203,106,664.947077
17.658297,116,665.080928
16.289516,82,665.320901
16.586731,88,665.391842
16.65167,88,665.569319
16.620155,85,665.869746
17.408113,112,665.869907
16.550516,84,666.15589
16.524591,85,666.224812
16.474468,85,666.283124
17.738823,116,666.305902
0.73804086,52,675.376462
16.607367,89,675.465344
1.1681305,55,675.644537
16.572096,86,676.000674
16.228378,88,676.269965
0.53241366,54,676.334301
17.38433,112,676.389016
17.404528,115,676.458061
17.211674,108,676.632486
0.40053952,52,676.632565
0.6021426,58,676.656472
0.8043717,57,676.760965
0.545207,55,676.906013
0.8110044,61,677.178135
17.313814,108,677.316604
17.678276,118,677.369972
17.370161,103,677.531084
0.37266928,52,677.531185
0.3553721,53,677.716261
17.689322,113,678.181151
0.58428776,55,678.249783
17.665144,109,678.277523
17.146622,103,678.752725
17.170755,104,679.296877
0.41371042,54,679.301064
17.388046,109,679.301121
16.968864,102,679.460516
17.175262,105,679.497939
17.569332,109,679.5457
0.3607629,54,679.659672
0.5698296,57,679.711189
17.614698,108,679.753186
17.035814,105,680.012947
17.587448,112,680.044876
17.241608,110,680.063323
17.363457,103,680.084234
17.374933,108,680.180051
0.46853554,55,680.511764
0.7448799,59,680.512067
17.114574,106,680.543716
0.53269094,54,680.739115
0.69341385,59,680.770478
17.512417,112,681.015641
0.5359089,53,681.03186
17.176086,102,681.174206
17.54459,106,681.24832
17.130272,106,681.248404
17.17849,102,681.293414
17.106674,107,681.635135
0.6138715,57,681.81219
17.134012,105,681.984549
0.5834897,54,682.044051
17.423738,107,682.071603
17.451931,108,682.071677
17.175425,104,682.105527
0.81436616,57,682.211517
0.73615813,55,682.241245
17.283932,107,682.495711
17.335688,110,682.577681
17.467724,112,682.595318
0.8230346,56,682.648419
17.197767,104,682.682649
0.25061607,51,682.727782
17.151731,107,682.978901
1.0709759,61,683.063746
0.49971578,56,683.123
0.85886073,59,683.153153
0.625462,54,683.293706
17.578167,110,683.31508
17.501749,112,683.397184
0.29919833,54,683.644659
