#{"t_start": 1750331806.7716749, "env_id": "None"}
r,l,t
-3.7872756,17,11.264163
-3.7850633,17,11.264239
-3.839366,19,11.303263
-2.2517707,20,11.321858
-1.8779405,25,11.416474
-3.882986,26,11.428885
-1.6249676,32,11.532389
-4.49092,35,11.582556
-1.3697138,33,11.853367
-3.7983544,56,11.960505
-1.4754486,62,12.069887
-2.7015505,73,12.278654
-3.695689,60,12.402677
-4.020742,83,12.455325
-4.6484857,33,12.455384
-1.1200187,60,12.496853
-3.1956942,86,12.518768
-5.006947,86,12.518848
-0.077856906,57,12.584079
-5.184247,72,12.584174
-5.3525186,73,12.640527
-3.2085102,107,12.894053
-1.6991675,108,12.904158
-2.334381,87,12.993182
-3.7996094,19,13.219216
2.5995634,130,13.285342
-2.4126883,59,13.318779
-1.1517047,48,13.458212
-1.7749834,140,13.458283
-5.587076,140,13.458302
-1.7224034,144,13.525637
-1.7838455,65,13.633133
-4.365713,39,13.667883
-3.738776,16,13.736805
-3.1280625,74,13.752094
-1.6894587,70,13.782235
1.8537154,110,14.00544
-2.107413,22,14.031577
-5.9361243,143,14.09973
-5.1761823,48,14.134998
-4.28993,130,14.253619
-3.6718314,100,14.253697
0.24476852,64,14.321081
-3.611983,109,14.358904
-3.5480273,84,14.358981
-2.3583236,115,14.521784
-3.4719348,61,14.585544
-1.4285742,67,14.618337
-3.6411595,68,14.642467
-4.233053,23,14.6665
-0.23024178,60,14.68575
-5.2336006,63,14.894796
-1.7949295,24,15.022759
-0.86224544,44,15.111381
-1.1309525,39,15.216994
-0.3494009,54,15.217066
-4.1515174,66,15.323638
-3.0662048,167,15.342127
-2.2998505,24,15.533692
-3.3895876,173,15.599808
-3.1267734,77,15.709014
-1.5282266,30,15.72884
-3.8340726,117,15.786511
-5.105216,51,15.899304
-0.7908197,110,15.986323
-1.7378706,26,15.986378
-5.9677567,79,16.055826
-1.6644843,133,16.089281
-2.1392245,89,16.247645
-7.642961,111,16.325035
-4.1195664,23,16.44165
-4.3505673,27,16.538287
-2.6524365,79,16.687083
-1.1636853,46,16.786108
-3.7878208,158,16.786198
-3.2203288,80,16.997703
-2.028149,102,16.997777
-4.4415574,121,17.013645
-5.1407905,216,17.067942
-0.4421269,140,17.101717
-2.6590445,107,17.223642
-2.3278713,91,17.329867
-2.489756,158,17.428323
-2.359249,21,17.488132
1.5042223,197,17.579484
0.3932919,70,17.699918
-2.114895,84,17.738036
-6.4828324,83,17.795123
-4.0965514,31,17.881538
-7.850953,121,17.881604
-1.3003831,38,18.101903
-1.273402,136,18.204277
-5.8768945,138,18.360127
-3.8597515,92,18.439224
-2.5579162,108,18.498676
-2.081049,111,18.724185
-5.1794386,55,18.821146
-2.4179542,102,18.891833
1.376372,115,18.891932
-0.2652564,63,18.913131
-5.3260803,165,18.989108
-4.536296,31,19.05904
-6.762426,120,19.188718
0.3218286,123,19.321246
-3.5194812,135,19.44464
-3.9523544,22,19.724611
-1.8270185,90,19.86024
-1.4037663,130,20.05343
-3.9028573,158,20.074341
0.6316423,123,25.997572
-1.0805572,42,26.093373
-1.1486753,77,26.162591
-6.1837983,156,26.232886
-6.6659217,127,26.311214
-7.8630424,140,26.330652
-2.1956367,23,26.381409
0.8858141,119,26.544537
-4.557926,111,26.601262
-3.6399345,101,26.656482
-1.344174,32,26.739693
-4.444241,105,26.818952
0.9775439,142,26.852557
-2.6889427,119,26.952056
-1.5978056,31,26.952111
-6.694464,121,26.972498
-2.9718246,81,27.057827
2.3471072,138,27.188857
-1.8671342,26,27.410763
0.6737689,83,27.539258
-4.4525585,44,27.637599
-3.8492813,26,27.69544
-3.371183,93,27.824079
-3.7206616,239,27.858022
-3.595003,102,27.85809
-0.5180175,51,28.017511
-1.530231,30,28.08778
-0.83164024,84,28.225533
-2.8313124,88,28.245144
1.0624083,81,28.245226
-3.5341954,97,28.358392
-6.19384,126,28.550917
-0.9052769,46,28.683521
-1.9131553,96,28.766531
-3.412597,168,28.874025
-2.2735758,69,28.952914
-6.295363,143,28.993079
-0.9427455,40,29.01074
-4.1059895,25,29.051158
-3.9214182,217,29.102893
-2.351204,13,29.122455
-0.96905625,125,29.211831
-4.3165164,36,29.375083
-7.541611,137,29.511175
-3.2393305,174,29.555938
-2.385266,73,29.610769
-2.1016753,26,29.675833
-3.4448712,95,29.820705
-3.4379218,79,30.40721
-6.7335196,138,30.407267
-7.378187,131,30.65416
-1.5144737,140,30.677029
0.71247214,127,30.704403
-1.2669896,71,30.87304
-6.8755603,121,31.013526
-2.511604,69,31.072735
-3.671575,88,31.2434
-4.3542986,33,31.298719
-6.9017715,123,31.298768
1.9142634,133,31.436567
-7.376202,130,31.475779
-7.503227,124,31.646733
-0.79710627,37,31.692804
-4.3612747,34,31.712233
-1.0401081,71,31.752882
-5.382531,233,31.776699
-2.018117,151,31.909393
-6.060385,137,32.046054
-1.0302885,39,32.173881
-7.5937934,177,32.214223
-5.348534,59,32.37986
-3.9382415,254,32.400457
-4.2248535,26,32.655941
2.0502014,127,32.723613
-3.7493236,168,32.723683
-4.493823,96,32.927953
-6.982883,124,32.928017
0.22903432,134,33.08053
-3.5719552,15,33.167473
-0.034279022,69,33.330729
-4.1518674,36,33.330795
-1.8935463,99,33.375528
-3.028156,94,33.396495
-1.6249088,28,33.443149
0.31793386,123,33.4749
-0.098573804,63,33.474949
0.84882724,116,33.527614
-7.133104,151,33.560996
-2.484877,114,33.709527
-2.7714946,85,33.857108
0.9895357,124,33.887024
-2.7219684,118,33.979851
1.1615907,121,34.199659
-6.89536,141,34.278494
-4.8327537,56,34.577163
-4.801352,45,34.626269
-4.2836843,102,34.65361
-2.5810342,81,34.668398
-1.5829759,67,34.74753
1.2332906,121,34.895587
-4.4099774,33,34.926411
-3.6359,17,35.055887
-3.6363084,68,35.151966
-1.6531533,33,35.236168
-3.7463176,101,35.253771
-6.726963,120,41.543568
-0.20053688,122,41.596289
-2.171832,67,41.750386
-1.763693,136,41.800205
-1.4010568,64,42.106467
-1.3876483,146,42.10654
-2.8430479,91,42.161402
-4.3169966,156,42.33123
0.23794045,480,42.552962
-1.1020912,136,42.58298
0.3021449,130,43.109844
-4.305453,202,43.147791
-6.3321204,84,43.219291
-7.5396667,135,43.450182
-1.773572,106,43.450238
-1.8774333,66,43.465913
0.5430665,119,43.634756
-5.5908165,168,43.782497
-2.613221,230,43.987197
0.7095103,124,44.005418
-1.4851288,163,44.08943
-5.7747655,237,44.233579
-3.886753,211,44.280202
3.0452826,124,44.33381
-1.1455355,124,44.387965
-4.5524464,102,44.441042
-5.3799663,295,44.508983
-3.5615106,134,44.509038
-2.3674684,82,44.675149
-1.0050955,66,44.860778
-1.855074,76,44.884752
-3.3520262,87,45.052355
-2.1121738,68,45.207802
-7.1556664,116,45.222664
-2.1053572,61,45.452819
1.9781437,136,45.703539
-5.569228,265,45.91072
-0.76153964,62,45.989228
-3.4764788,92,46.076156
1.1149032,118,46.132126
1.1858302,122,46.279452
-1.9754528,148,46.458743
-2.7183037,91,46.694345
0.8526184,125,46.757029
-3.5503123,130,46.993355
-1.1430985,167,47.211123
1.8047725,133,47.252757
-3.321071,173,47.635991
1.690798,132,47.63606
-2.0561411,71,47.770022
0.57238597,132,47.821576
-1.971482,145,47.861962
0.38424644,114,48.053125
-2.1626177,69,48.241704
-1.8875885,220,48.340583
-3.5044668,69,48.460046
-3.0176003,328,48.460104
0.9985825,124,48.508976
-2.136117,146,48.526232
-2.6009254,77,48.975996
-0.34171325,271,49.120029
0.92509586,92,49.233443
-4.0152035,194,49.587674
-3.6954777,208,49.784742
1.8380958,124,49.930871
-3.7024689,155,50.008048
0.5198608,122,50.209593
-3.5831363,99,50.272808
-1.5374333,78,50.361348
-2.2456427,385,50.374977
-4.783964,113,50.441951
0.021763414,149,50.459659
1.7996864,128,57.390643
-3.9418147,103,57.434387
-0.76505756,269,57.499754
2.0403728,184,57.512655
0.787678,77,57.593309
-4.163801,78,57.796018
-2.7341282,229,58.640373
-5.286122,244,58.846297
-4.4195104,175,59.167329
-0.092378244,425,59.318745
-7.224128,374,59.468321
-1.5703193,183,59.861431
-1.7633053,131,59.861485
-3.171658,195,59.963197
-1.2404963,145,60.175365
-4.6047063,334,60.370145
-5.854811,114,60.923525
-2.6695893,198,61.105337
-4.0182166,424,61.416739
-5.909115,323,61.617453
-3.742839,238,61.747317
-4.4323654,337,62.020486
-1.396507,142,62.732238
3.1040335,209,62.986123
-1.8450818,190,63.237947
3.583569,161,63.775651
-2.6199899,480,63.875879
-4.040771,297,63.96958
-3.3883598,241,64.116825
2.224334,264,64.196819
-3.0663843,242,64.236933
4.3820734,444,64.471089
-3.1175017,189,64.509672
-3.4359303,176,64.927412
-5.63621,480,64.927472
-1.2923145,313,64.971411
0.7572359,135,65.393331
-2.9425275,440,71.335702
-4.596182,100,71.40654
-2.87758,480,71.929965
-2.5956895,247,72.128877
-2.9568582,180,72.645608
3.0656848,139,73.825167
3.0115025,129,74.116084
2.0653226,415,74.410135
0.3926755,480,74.505229
-6.5443087,345,74.946708
-3.6046174,238,75.179539
-4.0296135,314,75.43216
-2.1550486,480,75.816615
-6.3736935,368,76.664282
-6.2618046,344,76.683694
-0.11441813,480,76.898366
-6.52439,406,77.089306
2.3212082,198,77.639552
3.5497563,438,77.884512
6.1248374,480,78.008806
-7.277071,429,78.163965
-0.05745403,480,78.244189
-5.2978086,480,79.015844
-2.5367627,480,79.798742
0.9853778,182,80.213532
-11.554807,471,85.807714
-4.5030675,230,86.098588
14.763004,180,86.256592
-4.4382105,254,86.549837
-6.294474,480,86.549893
2.4017575,163,87.377933
0.6272196,78,87.638692
3.8507009,480,87.809714
-11.681501,451,88.001449
14.468133,169,88.315403
-4.2770867,339,88.331301
-1.9362332,480,88.42867
0.21313448,144,88.455264
0.43226424,293,88.862499
1.9291037,480,88.962189
-0.27125746,480,89.174255
0.51178646,195,89.189544
-4.200403,480,89.444655
-10.242707,461,89.461136
0.7731752,142,89.929314
0.016660392,132,90.673873
0.1749013,143,91.802324
-1.9436826,480,91.956555
-2.9938393,480,92.072718
-0.9529137,480,92.296048
-4.348193,189,93.317504
0.41920748,129,94.560986
0.86505413,480,94.726542
4.5688605,480,100.799943
-2.319937,480,100.800015
-7.673518,418,100.941137
8.421388,480,101.863338
-0.9507001,480,102.193135
-1.9638261,261,102.193211
4.0249457,480,102.530538
-4.4637113,480,102.618188
2.2243347,480,102.635768
3.2438803,141,102.918783
5.8624587,480,103.076039
-4.604286,480,103.193335
5.676528,480,103.403654
2.6185439,480,103.641015
-2.7732852,480,103.657782
0.12545267,138,104.352839
11.214744,480,104.842637
0.34256598,85,105.107402
-7.5966372,371,105.539179
-1.3387407,480,105.913332
-2.9446,222,106.105409
7.8399167,480,106.198983
0.36473778,98,106.58619
0.29304552,111,107.912797
2.224679,176,108.241529
0.38309312,305,108.285574
0.30783424,127,108.467315
-4.3505926,339,108.652297
-0.29167926,480,108.752936
-3.2001734,451,108.92957
0.7421855,480,109.310492
0.72488165,480,109.31055
-6.930317,327,109.464354
0.090249196,133,116.246178
0.31234375,480,116.293859
-1.191297,480,116.624522
3.3549125,480,116.725005
1.1616243,480,117.139396
-2.1126301,480,117.259211
0.33203202,213,117.282643
-4.778189,480,117.51895
15.776921,194,117.539988
14.876628,184,117.63002
9.44965,480,118.4711
-3.9727933,224,119.131213
14.722108,292,119.152513
-3.6568787,235,119.194865
2.1205554,159,119.250235
-7.305133,420,119.300111
-4.4041796,281,119.589796
3.1453505,480,119.738816
-3.235287,480,120.844453
14.865801,162,121.44909
2.541206,480,122.876301
-3.0264452,203,122.925722
0.03348534,480,123.543062
6.7234006,480,130.138819
2.4234214,480,130.55076
5.2018104,480,130.648412
4.459332,480,131.11696
-4.933709,480,131.271605
-6.1799803,480,131.285715
-4.2697606,390,131.417899
-0.76310736,480,131.488142
1.4212631,480,131.50125
0.83822143,480,131.604928
-4.9686813,480,133.034071
2.1313655,480,133.074184
9.764674,480,133.136652
-6.566404,361,133.225756
3.3457534,480,133.52012
-2.1859415,480,133.695021
-3.1973271,150,134.213827
5.840052,480,134.769426
2.8203378,142,135.779909
-4.064495,152,135.779979
15.918065,262,135.942897
-2.9757078,168,136.084413
14.615389,144,136.78512
1.4362025,480,136.803249
-4.2781186,443,136.827528
0.9784836,480,136.853659
14.90098,157,137.573348
-3.2285388,405,138.658358
-4.054914,480,138.818312
-3.2302978,462,138.896065
-4.78833,131,144.846678
-0.5492474,480,145.025898
-3.7110198,459,145.186432
4.099166,480,145.478506
8.43233,480,145.836409
0.068091676,480,145.937452
1.8472052,190,145.956696
-3.8927054,236,146.063359
-4.112306,268,146.314193
-5.011795,298,146.864874
1.0938464,83,146.987684
5.273984,480,147.457798
2.8187191,480,147.844123
0.5098073,113,147.962191
3.06188,480,147.990135
0.7150999,151,148.472938
0.49308944,113,149.50094
-7.6389227,401,149.725573
-2.9390223,167,149.965715
-4.9286385,325,150.193305
2.8453538,480,150.259315
-4.788024,289,150.350664
-4.4347625,126,150.699626
-2.5470371,480,151.000299
5.930692,480,151.804045
-4.481757,405,151.821153
-4.0862136,423,152.056795
0.3519108,86,152.228863
0.3699116,94,152.702392
-2.164968,480,153.3931
0.9295063,80,153.476933
2.4431949,480,153.579104
