#{"t_start": 1750518619.9899452, "env_id": "None"}
r,l,t
-30.524927,31,4.691999
-24.268347,45,5.230369
-25.847696,48,5.348301
-26.779636,52,5.501092
-33.01085,76,6.467684
-51.7928,87,6.897936
-37.290897,74,7.600221
-43.5347,117,8.061029
-57.47194,118,8.101461
-45.231945,121,8.221918
-41.92744,125,8.379587
-9.102664,13,8.61341
-58.19103,137,8.850078
-31.355368,93,8.88756
-49.058376,90,8.887609
-30.872288,63,8.926616
-50.77028,147,9.243079
-25.234879,70,9.633571
-28.515179,32,10.165382
-21.681652,38,10.427567
-59.775238,128,10.559647
-32.593594,77,10.637471
-39.81099,73,10.951289
-18.213657,33,10.951342
-32.258274,78,11.707867
-48.39473,132,13.462461
-41.015167,109,13.582889
-27.31829,67,13.625697
-46.742065,121,13.661341
-47.688557,122,13.733899
-33.664715,97,14.485953
-15.372037,22,14.524319
-57.97368,171,15.129306
-28.992603,93,15.365952
-33.98009,115,15.511491
-25.8498,53,15.674756
-42.607372,147,15.997437
-24.310452,44,16.261612
-9.753444,15,16.261665
-25.058586,64,16.261677
-28.634794,58,16.761393
-19.090708,33,17.602218
-15.861625,35,17.682863
-31.487995,65,17.755126
-50.09661,188,18.018332
-24.296234,50,18.279084
-23.416487,61,18.427524
-25.590727,78,18.514809
-47.939445,136,18.872999
-14.714891,25,19.279038
-22.12553,48,19.55184
-52.460026,163,20.160554
-24.684229,65,20.34553
-17.622068,38,20.474313
-11.691141,25,20.592086
-15.725337,34,20.722424
-26.32352,70,20.944205
-32.947086,81,21.094813
-9.936855,10,21.321425
-41.726868,144,21.369299
-27.220097,78,21.717848
-11.835657,29,21.892341
-15.946222,16,22.003773
-15.04464,26,22.109345
-16.124975,44,22.109421
-34.689754,133,22.184055
-103.7661,306,22.726477
-33.426746,108,22.850167
-23.456514,72,23.087429
-33.71886,71,23.330378
-23.29707,51,30.637451
-19.510412,33,30.890991
-27.537312,88,31.583332
-24.57593,87,32.230675
-17.247885,70,32.271272
-16.824224,37,32.397678
-25.778204,91,32.524135
-39.041378,130,32.565943
-39.353886,136,34.152348
-30.99594,133,34.431656
-17.428034,43,34.473459
-38.96161,114,34.640087
-41.392635,141,34.822445
-31.02615,71,35.331718
-43.29842,100,35.849752
-51.174095,129,36.077279
-44.111584,123,37.441435
-24.82546,75,37.493967
-26.651718,85,37.580385
-22.66658,64,37.927896
-59.669956,203,38.480418
-32.96085,103,39.067065
-15.024859,37,39.497568
-34.574013,124,39.728979
-26.655458,94,39.729042
-24.197632,63,40.106536
-10.268378,16,40.399005
-25.646475,75,40.643103
-45.104916,156,40.89676
-31.416893,117,41.00098
-24.001394,67,41.395121
-9.0900545,25,41.524302
-27.5464,94,41.625177
-25.37704,71,42.623987
-26.708403,68,42.764087
-14.510541,29,42.93362
-23.543365,83,43.888292
-24.121487,67,44.084722
-79.84043,270,44.248234
-36.107548,120,44.38976
-79.30193,285,44.67415
-28.703058,86,45.326452
-22.66294,65,45.441238
-23.569935,61,45.564947
-18.592659,51,46.171015
-31.79096,125,46.387145
-21.068434,61,46.750087
-36.544643,127,46.979017
-20.92011,64,48.006731
-17.014645,35,48.360337
-23.94746,111,48.477504
-41.09657,144,48.834494
-26.334908,66,48.873962
-28.500948,86,48.98606
-22.72851,65,49.026165
-33.14335,117,49.192252
-10.695634,12,49.316822
-31.768122,114,49.356551
-73.813576,209,49.597633
-20.990076,42,49.672908
-25.615929,64,50.95535
-22.420357,63,51.441666
-35.573112,122,51.719988
-22.165216,67,52.039639
-26.609055,81,58.862612
-25.739536,79,59.435787
-28.855413,94,59.544006
-26.16474,120,60.72877
-41.600143,149,61.004381
-33.321762,123,61.093712
-69.35227,236,61.695533
-28.036573,114,62.551285
-30.984034,100,62.592016
-33.07097,132,62.793534
-36.592194,123,63.240896
-39.533787,151,64.982474
-48.836834,142,65.292919
-46.115444,149,65.448255
-31.16584,117,65.868088
-37.239094,135,66.218721
-47.711807,131,66.333361
-40.489964,125,66.764265
-82.32574,287,67.139457
-33.58853,117,67.372518
-35.411762,129,68.056595
-44.77242,147,68.533134
-24.682783,80,69.083416
-44.918232,151,69.347146
-30.981632,120,69.809706
-30.064056,94,70.126523
-33.764446,136,70.943498
-30.869373,118,70.984188
-46.860123,155,71.568368
-28.988556,113,71.736112
-38.417908,121,72.252698
-27.570105,81,72.380642
-34.921066,116,72.771326
-42.46477,163,73.402869
-31.639957,127,73.70174
-33.61802,127,74.539237
-34.55419,120,75.096816
-30.50736,122,75.962825
-43.670525,130,76.319189
-44.665413,171,76.769819
-50.27934,133,77.142996
-34.032055,124,77.318714
-35.409836,121,77.3188
-38.98606,147,77.571834
-28.257643,77,77.649907
-41.17627,130,78.032186
-31.334084,112,78.232711
-34.176975,120,78.273368
-25.61302,84,78.415145
-14.599162,32,78.415197
-32.817223,114,87.581247
-25.426323,115,87.958455
-46.95941,160,88.081369
-42.382538,131,88.281166
-25.737087,114,88.505879
-25.454542,120,88.9493
-56.564457,211,90.45535
-39.708214,165,90.740244
-49.957504,174,90.925938
-59.217354,202,91.81461
-26.348888,78,92.073383
-31.355726,117,92.269217
-24.837406,108,92.600153
-29.808643,126,93.029357
-27.781836,114,95.101329
-49.415524,179,95.310014
-33.370304,120,95.810523
-58.23027,212,97.103446
-32.445515,143,98.445859
-26.20827,80,98.570043
-48.75642,168,98.943436
-62.91606,220,99.724341
-35.596985,128,101.118439
-111.78602,480,101.967616
-47.436333,168,102.015151
-27.82508,126,102.31029
-80.74255,480,102.746989
-29.697153,119,103.447268
-28.517242,123,103.997494
-95.94193,296,104.388844
-27.851053,114,104.388911
-24.703903,91,104.80967
-29.00435,123,115.170724
-26.344584,120,115.435636
-81.47664,480,117.600666
-74.90266,480,118.799818
-66.754906,262,118.799886
-71.66948,252,120.797206
-67.935585,279,120.968071
-48.248405,149,121.50486
-131.95253,414,121.504932
-39.61784,167,121.961922
-105.12329,356,123.379141
-29.801252,120,123.671461
-35.97788,144,124.623253
-31.715431,107,125.318655
-63.082275,225,126.813074
-112.86133,397,127.17737
-102.43135,480,127.755319
-105.73517,480,128.030673
-32.89893,133,128.85605
-69.78297,246,132.06432
-31.290863,116,132.512796
-77.00379,270,141.007037
-38.579914,191,142.131928
-57.967842,176,142.330801
-38.76799,130,144.062854
-34.021652,157,144.687403
-119.989105,469,146.228358
-35.196705,125,147.333697
-102.05895,480,147.333775
-121.947136,480,147.333798
-112.2824,419,148.70571
-29.455872,169,148.95742
-93.884544,382,149.001846
-65.49752,225,150.125147
-84.12137,480,150.483116
-18.676882,57,151.282341
-132.10419,480,152.621376
-24.594185,150,153.479598
-38.91251,123,156.326002
-101.468544,331,157.510238
-91.15498,348,166.528013
-93.644775,325,166.737663
-55.59039,197,166.774493
-69.349335,227,168.819285
-113.08579,353,169.428959
-36.11354,159,170.117116
-82.977875,480,170.363388
-54.60812,197,170.487888
-121.12295,440,171.424337
-39.672173,123,171.789773
-91.392784,480,174.280292
-31.203758,134,175.464275
-41.963554,165,175.46433
-85.882965,480,175.717452
-90.3682,480,176.080664
-32.498615,123,176.330514
-37.89457,181,176.752986
-38.237522,110,180.010286
-96.84579,336,180.365509
-30.011156,115,181.5297
-14.413549,31,181.695485
-76.367836,285,181.985254
-35.53515,168,183.41731
-85.569435,316,183.498314
-127.361275,477,186.076638
-41.543316,118,186.601159
-80.97193,277,193.723139
-36.93976,131,194.858816
-102.35086,375,195.893625
-114.523026,480,197.522338
-82.25695,313,199.020451
-42.245373,156,199.058319
-54.20082,182,199.580264
-124.3086,444,199.882454
-145.32115,480,201.655555
-36.638103,120,203.97248
-35.81927,143,204.948002
-65.58203,224,205.072489
-80.1774,480,207.365692
-78.158806,480,207.802996
-131.90576,480,209.19663
-66.204254,245,209.890814
-37.180874,158,210.343217
-27.534975,93,211.11555
-97.14971,359,212.213767
-76.84682,480,213.353524
-126.4657,480,220.188129
-29.129215,186,221.128131
-88.91528,344,221.401922
-30.438524,137,221.74075
-23.035822,152,221.851673
-36.754772,183,222.406537
-77.21758,305,223.113619
-74.904305,313,223.563157
-38.513058,157,224.416842
-75.05746,480,224.970562
-27.028162,93,226.197146
-60.265484,263,227.632697
-34.011925,152,227.99609
-45.67193,201,228.439277
-60.621964,218,230.085618
-79.98021,294,231.076427
-38.252705,150,231.113974
-64.31236,241,231.303619
-26.060228,90,231.661886
-63.792923,265,233.983016
-62.131493,262,234.317433
-34.978973,161,237.671201
-63.87045,254,238.045138
-115.51463,480,247.502543
-120.96871,480,250.033248
-91.80225,347,250.240228
-26.952522,85,250.937811
-105.75765,353,251.534259
-133.86351,480,251.836508
-99.525635,405,253.885626
-93.593704,480,254.091408
-114.21141,480,257.315596
-30.780539,174,258.728418
-92.13903,380,259.288674
-85.159225,480,259.661823
-85.45674,480,259.964029
-71.19799,240,260.080219
-62.354748,255,260.493387
-53.934677,246,261.069395
-62.46362,232,263.531333
-76.91833,480,263.658619
-30.926958,89,264.120027
-23.086702,140,265.822276
-82.494286,316,266.800014
-101.52545,403,274.674058
-43.9185,180,274.764084
-31.354006,141,275.781198
-70.49971,268,276.501988
-55.382885,184,277.427709
-99.820755,339,278.904381
-27.305344,167,279.942765
-98.640564,409,280.330205
-82.61543,354,280.724377
-28.54474,147,281.770682
-30.599949,173,281.817302
-72.40485,251,282.363153
-72.53268,300,282.691133
-18.942583,76,283.85088
-118.20532,466,284.998381
-36.56352,196,285.368269
-24.537893,127,285.497995
-24.280125,93,285.542316
-26.197424,99,288.951406
-72.91733,254,293.011559
-79.78695,326,293.153657
-39.298504,207,293.897145
-70.7259,299,293.897236
-74.11732,480,294.128557
-113.51974,447,294.580989
-57.259274,249,301.228952
-16.342562,63,301.313802
-84.55971,307,303.719911
-121.052635,480,304.145087
-98.13176,399,304.37554
-109.01514,378,304.997387
-25.7101,120,305.349993
-71.53133,267,305.653683
-27.798386,135,306.781594
-25.871418,176,306.908679
-18.981438,79,307.563325
-51.172832,229,309.20893
-30.520477,116,309.939882
-30.597183,169,312.412781
-58.66535,249,314.189932
-75.97552,480,318.327754
-95.32123,480,319.122569
-71.104515,292,319.340638
-90.85274,480,320.757953
-33.411747,178,321.418628
-79.06864,480,328.945439
-89.2373,480,330.156552
-93.03107,381,331.223134
-82.20888,480,331.960439
-30.280252,195,332.089201
-74.70722,480,332.089256
-20.803267,84,333.611636
-27.929707,176,334.416805
-76.90849,480,334.548102
-65.36483,246,335.200319
-80.590836,480,337.734478
-25.372908,179,338.572579
-23.087465,170,338.951188
-30.86006,175,339.287285
-42.02752,164,340.319595
-86.12449,362,341.330125
-52.631172,195,342.489446
-83.58098,364,343.803252
-81.10282,480,344.537226
-63.716858,297,356.937175
-72.39623,480,357.591006
-67.33259,286,357.882138
-57.95775,238,359.503892
-52.58475,226,359.726592
-74.97188,480,359.963297
-80.85802,300,360.701865
-77.82826,480,360.747175
-73.71049,480,363.275255
-43.269398,167,363.792859
-79.05182,480,364.067173
-83.461586,480,364.748249
-26.684454,148,365.695256
-34.614204,161,366.4519
-75.25912,480,366.820298
-28.632421,106,367.553662
-20.944683,149,369.787706
-61.90398,260,370.006694
-69.85196,261,371.241226
-58.95202,255,374.304096
-60.434525,271,381.462814
-41.374477,154,381.785094
-19.892572,129,382.245626
-40.483574,167,382.537918
-55.56801,252,382.788387
-71.47112,480,382.870351
-83.314606,480,383.157253
-59.594265,253,383.597073
-18.111513,69,384.651515
-72.89239,480,385.871609
-26.752407,138,387.877262
-30.974585,154,389.774045
-77.878654,480,390.91602
-82.14187,480,391.684358
-66.72982,285,391.726559
-29.543556,148,391.87148
-71.01888,280,392.871452
-56.630962,254,393.180509
-66.67809,279,393.869344
-19.581625,81,395.131802
-24.590565,135,397.305815
-22.65965,91,397.653795
-51.651634,239,399.62271
-31.224705,191,399.744116
-38.19401,150,401.171247
